2018-01-25 16:44:33.570890,XXX
2018-01-25 16:46:34.816358,XXX
2018-01-25 16:49:03.838040,XXX
2018-01-25 16:50:04.858982,XXX
2018-01-25 16:51:05.814868,XXX
2018-01-25 16:52:06.827414,XXX
2018-01-25 16:53:07.802401,XXX
2018-01-25 16:54:08.772466,XXX
2018-01-25 16:55:10.002107,XXX
2018-01-25 16:56:11.474461,XXX
2018-01-25 16:58:53.583919,XXX
2018-01-25 16:59:54.690941,XXX
2018-01-25 17:00:55.875854,XXX
2018-01-25 17:11:27.645915,134
2018-01-25 17:12:29.252176,134
2018-01-25 17:13:31.296263,134
2018-01-25 17:14:32.607623,134
2018-01-25 17:16:33.253340,134
2018-01-25 17:17:35.508518,134
2018-01-25 17:18:36.641423,134
2018-01-25 17:19:37.540419,134
2018-01-25 17:20:38.469936,134
2018-01-25 17:21:39.419655,134
2018-01-25 17:22:42.949032,133
2018-01-25 17:23:44.142140,133
2018-01-25 17:24:45.115634,133
2018-01-25 17:25:46.040337,133
2018-01-25 17:26:46.953493,133
2018-01-25 17:27:48.396458,132
2018-01-25 17:28:49.998849,132
2018-01-25 17:29:50.945220,132
2018-01-25 17:30:51.871758,132
2018-01-25 17:31:52.744250,132
2018-01-25 17:32:53.604567,132
2018-01-25 17:33:54.537706,132
2018-01-25 17:34:55.504305,132
2018-01-25 17:35:56.397171,131
2018-01-25 17:36:57.818069,131
2018-01-25 17:37:58.676178,131
2018-01-25 17:38:59.850110,131
2018-01-25 17:40:00.683736,131
2018-01-25 17:41:02.136655,131
2018-01-25 17:42:03.070758,131
2018-01-25 17:43:04.994728,130
2018-01-25 17:44:06.384535,130
2018-01-25 17:45:07.295625,130
2018-01-25 17:46:08.680891,130
2018-01-25 17:47:09.949650,130
2018-01-25 17:48:10.932921,130
2018-01-25 17:49:12.018512,130
2018-01-25 17:50:14.687657,130
2018-01-25 17:51:15.763423,130
2018-01-25 17:52:16.930194,130
2018-01-25 17:53:17.935879,130
2018-01-25 17:55:28.858002,130
2018-01-25 18:10:35.252210,129
2018-01-25 18:11:36.274059,129
2018-01-25 18:12:37.500970,129
2018-01-25 18:15:01.003339,XXX
2018-01-25 18:16:41.511069,129
2018-01-25 18:17:42.532707,129
2018-01-25 18:18:43.477503,129
2018-01-25 18:19:44.373748,129
2018-01-25 18:20:45.585526,129
2018-01-25 18:21:46.562328,129
2018-01-25 18:22:47.746980,129
2018-01-25 18:23:48.638482,129
2018-01-25 18:24:49.987526,129
2018-01-25 18:25:51.675493,129
2018-01-25 18:26:52.732108,129
2018-01-25 18:27:54.116113,129
2018-01-25 18:28:55.313231,129
2018-01-25 18:29:56.295248,129
2018-01-25 18:30:57.647423,129
2018-01-25 18:31:58.556901,129
2018-01-25 18:32:59.637265,129
2018-01-25 18:34:00.528089,129
2018-01-25 18:35:01.444282,129
2018-01-25 18:36:02.535726,129
2018-01-25 18:37:03.482219,129
2018-01-25 18:38:04.443440,129
2018-01-25 18:39:05.302383,129
2018-01-25 18:40:06.208184,129
2018-01-25 18:41:07.076856,129
2018-01-25 18:42:08.123518,129
2018-01-25 18:43:09.080599,129
2018-01-25 18:44:09.977123,129
2018-01-25 18:45:11.010893,129
2018-01-25 18:46:11.967582,129
2018-01-25 18:47:13.026060,129
2018-01-25 18:48:13.929034,129
2018-01-25 18:49:14.901046,129
2018-01-25 18:50:15.860991,129
2018-01-25 18:51:16.839565,129
2018-01-25 18:52:17.864832,129
2018-01-25 18:53:18.812203,129
2018-01-25 18:54:20.007445,129
2018-01-25 18:55:21.065539,129
2018-01-25 18:56:22.011668,129
2018-01-25 18:57:22.915539,129
2018-01-25 18:58:23.910162,129
2018-01-25 18:59:24.781381,129
2018-01-25 19:00:25.649386,129
2018-01-25 19:01:26.514583,129
2018-01-25 19:02:27.367619,129
2018-01-25 19:03:28.219119,129
2018-01-25 19:04:29.060279,129
2018-01-25 19:05:29.918110,129
2018-01-25 19:06:31.262068,129
2018-01-25 19:07:32.123814,129
2018-01-25 19:08:33.033930,129
2018-01-25 19:09:33.887480,129
2018-01-25 19:10:34.732621,129
2018-01-25 19:11:35.603029,129
2018-01-25 19:12:36.482269,129
2018-01-25 19:13:37.334571,129
2018-01-25 19:14:38.180297,129
2018-01-25 19:15:39.051374,129
2018-01-25 19:16:39.953777,129
2018-01-25 19:17:40.832411,129
2018-01-25 19:18:41.727145,129
2018-01-25 19:19:42.592407,129
2018-01-25 19:20:43.439939,129
2018-01-25 19:21:44.330384,129
2018-01-25 19:22:45.190408,129
2018-01-25 19:23:46.041054,129
2018-01-25 19:24:46.877889,129
2018-01-25 19:25:47.739361,129
2018-01-25 19:26:48.606215,129
2018-01-25 19:27:49.477406,129
2018-01-25 19:28:50.360089,129
2018-01-25 19:29:51.217137,129
2018-01-25 19:30:52.116505,129
2018-01-25 19:31:52.970218,129
2018-01-25 19:32:53.838377,129
2018-01-25 19:33:54.751766,129
2018-01-25 19:34:55.623951,129
2018-01-25 19:35:56.505490,129
2018-01-25 19:36:57.379819,129
2018-01-25 19:37:58.324488,129
2018-01-25 19:38:59.212866,129
2018-01-25 19:40:00.077253,129
2018-01-25 19:41:00.940776,129
2018-01-25 19:42:01.820268,129
2018-01-25 19:43:02.712472,129
2018-01-25 19:44:04.315394,129
2018-01-25 19:45:05.218873,129
2018-01-25 19:46:06.112590,129
2018-01-25 19:47:06.987094,129
2018-01-25 19:48:07.863329,129
2018-01-25 19:49:08.728848,129
2018-01-25 19:50:09.617768,129
2018-01-25 19:51:10.498976,129
2018-01-25 19:52:11.379970,129
2018-01-25 19:53:12.267392,129
2018-01-25 19:54:13.126990,129
2018-01-25 19:55:14.007385,129
2018-01-25 19:56:14.862218,129
2018-01-25 19:57:15.759481,129
2018-01-25 19:58:16.627046,129
2018-01-25 19:59:17.552508,129
2018-01-25 20:00:18.411207,129
2018-01-25 20:01:19.682659,129
2018-01-25 20:02:20.600688,129
2018-01-25 20:03:21.457180,129
2018-01-25 20:04:22.323408,129
2018-01-25 20:05:23.194936,129
2018-01-25 20:06:24.061112,129
2018-01-25 20:07:24.947500,129
2018-01-25 20:08:26.070611,129
2018-01-25 20:09:26.933271,129
2018-01-25 20:10:27.820580,129
2018-01-25 20:11:28.693421,129
2018-01-25 20:12:29.547351,129
2018-01-25 20:13:30.434039,129
2018-01-25 20:14:31.294084,129
2018-01-25 20:15:32.181247,129
2018-01-25 20:16:33.304779,129
2018-01-25 20:17:34.169989,129
2018-01-25 20:18:35.160024,129
2018-01-25 20:19:36.031888,129
2018-01-25 20:20:36.903125,129
2018-01-25 20:21:37.772214,129
2018-01-25 20:22:38.633403,129
2018-01-25 20:23:39.520569,129
2018-01-25 20:24:40.377138,129
2018-01-25 20:25:41.238218,129
2018-01-25 20:26:42.077680,129
2018-01-25 20:27:42.940069,129
2018-01-25 20:28:43.809925,129
2018-01-25 20:29:44.685016,129
2018-01-25 20:30:45.818396,129
2018-01-25 20:31:46.701238,129
2018-01-25 20:32:47.551495,129
2018-01-25 20:33:48.427556,129
2018-01-25 20:34:49.608789,129
2018-01-25 20:35:50.475812,129
2018-01-25 20:36:51.444535,129
2018-01-25 20:37:52.327878,129
2018-01-25 20:38:53.215159,129
2018-01-25 20:39:54.101079,129
2018-01-25 20:40:54.970057,129
2018-01-25 20:41:55.879642,129
2018-01-25 20:42:56.759839,129
2018-01-25 20:43:57.626990,129
2018-01-25 20:44:58.493427,129
2018-01-25 20:45:59.370826,129
2018-01-25 20:47:00.239517,129
2018-01-25 20:48:01.112202,129
2018-01-25 20:49:02.272566,129
2018-01-25 20:50:03.157650,129
2018-01-25 20:51:04.027973,129
2018-01-25 20:52:04.884550,129
2018-01-25 20:53:05.775288,129
2018-01-25 20:54:06.649956,129
2018-01-25 20:55:07.551699,129
2018-01-25 20:56:08.638410,129
2018-01-25 20:57:09.521198,129
2018-01-25 20:58:10.392450,129
2018-01-25 20:59:11.259761,129
2018-01-25 21:00:12.166094,129
2018-01-25 21:01:13.265683,129
2018-01-25 21:02:14.567037,129
2018-01-25 21:03:15.423204,129
2018-01-25 21:04:16.274569,129
2018-01-25 21:05:17.145590,129
2018-01-25 21:06:17.998186,129
2018-01-25 21:07:18.894982,129
2018-01-25 21:08:19.747835,129
2018-01-25 21:09:20.609852,129
2018-01-25 21:10:21.467214,129
2018-01-25 21:11:22.371034,129
2018-01-25 21:12:23.258180,129
2018-01-25 21:13:24.104963,129
2018-01-25 21:14:24.987382,129
2018-01-25 21:15:25.867563,129
2018-01-25 21:16:26.747305,129
2018-01-25 21:17:27.701512,129
2018-01-25 21:18:28.567223,129
2018-01-25 21:19:29.497066,129
2018-01-25 21:20:30.375959,129
2018-01-25 21:21:31.241286,129
2018-01-25 21:22:32.105816,129
2018-01-25 21:23:34.225447,129
2018-01-25 21:24:35.095718,129
2018-01-25 21:25:35.994982,129
2018-01-25 21:26:36.868918,129
2018-01-25 21:27:37.760310,129
2018-01-25 21:28:38.615685,129
2018-01-25 21:29:39.466764,129
2018-01-25 21:30:41.508020,129
2018-01-25 21:31:43.947034,129
2018-01-25 21:32:45.348617,129
2018-01-25 21:33:48.668619,129
2018-01-25 21:34:49.603474,129
2018-01-25 21:35:50.544928,129
2018-01-25 21:36:51.409744,129
2018-01-25 21:37:52.260811,129
2018-01-25 21:38:53.111972,129
2018-01-25 21:39:53.967990,129
2018-01-25 21:40:54.851389,129
2018-01-25 21:41:55.725249,129
2018-01-25 21:42:56.603714,129
2018-01-25 21:43:57.501626,129
2018-01-25 21:44:58.360597,129
2018-01-25 21:45:59.237308,129
2018-01-25 21:47:00.123931,129
2018-01-25 21:48:01.000131,129
2018-01-25 21:49:01.859703,129
2018-01-25 21:50:02.771658,129
2018-01-25 21:51:03.661697,129
2018-01-25 21:52:04.542271,129
2018-01-25 21:53:05.429909,129
2018-01-25 21:54:06.304248,129
2018-01-25 21:55:07.199630,129
2018-01-25 21:56:08.067750,129
2018-01-25 21:57:08.975096,129
2018-01-25 21:58:09.846971,129
2018-01-25 21:59:10.942125,129
2018-01-25 22:00:11.827976,129
2018-01-25 22:01:12.727734,129
2018-01-25 22:02:13.604105,129
2018-01-25 22:03:14.527918,129
2018-01-25 22:04:15.386845,129
2018-01-25 22:05:16.246384,129
2018-01-25 22:06:17.106001,129
2018-01-25 22:07:17.963464,129
2018-01-25 22:08:18.838112,129
2018-01-25 22:09:20.212397,129
2018-01-25 22:10:21.081619,129
2018-01-25 22:11:22.022923,129
2018-01-25 22:12:22.902696,129
2018-01-25 22:13:23.771922,129
2018-01-25 22:14:24.664282,129
2018-01-25 22:15:25.551809,129
2018-01-25 22:16:26.411967,129
2018-01-25 22:17:27.283531,129
2018-01-25 22:18:28.505672,129
2018-01-25 22:19:29.657183,129
2018-01-25 22:20:30.604578,129
2018-01-25 22:21:31.608545,129
2018-01-25 22:22:32.480708,129
2018-01-25 22:23:34.016332,129
2018-01-25 22:24:34.964569,129
2018-01-25 22:25:35.868117,129
2018-01-25 22:26:36.732960,129
2018-01-25 22:27:37.606297,129
2018-01-25 22:28:38.505955,129
2018-01-25 22:29:39.512643,129
2018-01-25 22:30:40.954374,129
2018-01-25 22:31:41.827638,129
2018-01-25 22:32:42.721305,129
2018-01-25 22:33:43.628179,129
2018-01-25 22:34:44.503657,129
2018-01-25 22:35:45.605688,129
2018-01-25 22:36:46.539694,129
2018-01-25 22:37:47.433202,129
2018-01-25 22:38:48.302535,129
2018-01-25 22:39:49.163252,129
2018-01-25 22:40:50.088587,129
2018-01-25 22:41:50.954652,129
2018-01-25 22:42:51.821259,129
2018-01-25 22:43:52.737747,129
2018-01-25 22:44:53.610426,129
2018-01-25 22:45:54.487159,129
2018-01-25 22:46:55.382934,129
2018-01-25 22:47:56.305024,129
2018-01-25 22:48:57.176969,129
2018-01-25 22:49:58.065430,129
2018-01-25 22:50:58.980291,129
2018-01-25 22:51:59.873690,129
2018-01-25 22:53:00.827056,129
2018-01-25 22:54:01.680516,129
2018-01-25 22:55:02.582680,129
2018-01-25 22:56:03.468686,129
2018-01-25 22:57:04.322774,129
2018-01-25 22:58:05.194097,129
2018-01-25 22:59:08.531302,129
2018-01-25 23:00:10.605628,129
2018-01-25 23:01:13.467547,129
2018-01-25 23:02:14.397868,129
2018-01-25 23:03:15.312617,129
2018-01-25 23:04:16.211182,129
2018-01-25 23:05:17.088592,129
2018-01-25 23:06:17.961774,129
2018-01-25 23:07:18.827361,129
2018-01-25 23:08:19.728318,129
2018-01-25 23:09:20.617942,129
2018-01-25 23:10:21.495977,129
2018-01-25 23:11:22.451908,129
2018-01-25 23:12:23.320959,129
2018-01-25 23:13:24.202674,129
2018-01-25 23:14:25.085158,129
2018-01-25 23:15:25.968823,129
2018-01-25 23:16:26.894780,129
2018-01-25 23:17:27.794941,129
2018-01-25 23:18:28.695663,129
2018-01-25 23:19:29.567898,129
2018-01-25 23:20:30.423442,129
2018-01-25 23:21:31.337872,129
2018-01-25 23:22:32.966183,129
2018-01-25 23:23:33.845766,129
2018-01-25 23:24:34.699284,129
2018-01-25 23:25:35.602359,129
2018-01-25 23:26:36.484461,129
2018-01-25 23:27:37.331027,129
2018-01-25 23:28:38.211352,129
2018-01-25 23:29:39.083406,129
2018-01-25 23:30:40.003342,129
2018-01-25 23:31:40.941806,129
2018-01-25 23:32:41.843674,129
2018-01-25 23:33:42.737448,129
2018-01-25 23:34:43.610495,129
2018-01-25 23:35:44.475912,129
2018-01-25 23:36:45.370519,129
2018-01-25 23:37:46.268608,129
2018-01-25 23:38:47.175866,129
2018-01-25 23:39:48.066729,129
2018-01-25 23:40:48.941006,129
2018-01-25 23:41:49.813939,129
2018-01-25 23:42:50.681266,129
2018-01-25 23:43:51.858006,129
2018-01-25 23:44:52.810183,129
2018-01-25 23:45:53.701323,129
2018-01-25 23:46:54.581634,129
2018-01-25 23:47:55.448965,129
2018-01-25 23:48:56.369493,129
2018-01-25 23:49:57.264201,129
2018-01-25 23:50:58.140351,129
2018-01-25 23:51:59.132050,129
2018-01-25 23:53:00.024693,129
2018-01-25 23:54:00.913391,129
2018-01-25 23:55:01.790580,129
2018-01-25 23:56:02.703167,129
2018-01-25 23:57:03.582502,129
2018-01-25 23:58:04.467402,129
2018-01-25 23:59:05.483169,129
2018-01-26 00:00:06.427125,129
2018-01-26 00:01:07.347352,129
2018-01-26 00:02:08.230371,129
2018-01-26 00:03:09.112324,129
2018-01-26 00:04:10.033146,129
2018-01-26 00:05:10.920602,129
2018-01-26 00:06:11.813159,129
2018-01-26 00:07:12.694348,129
2018-01-26 00:08:13.596546,129
2018-01-26 00:09:14.683337,129
2018-01-26 00:10:15.583740,129
2018-01-26 00:11:16.469309,129
2018-01-26 00:12:17.354160,129
2018-01-26 00:13:18.243654,129
2018-01-26 00:14:19.123849,129
2018-01-26 00:15:20.213374,129
2018-01-26 00:16:21.144366,129
2018-01-26 00:17:22.008584,129
2018-01-26 00:18:22.987487,129
2018-01-26 00:19:23.875104,129
2018-01-26 00:20:24.792427,129
2018-01-26 00:21:25.662616,129
2018-01-26 00:22:26.633785,129
2018-01-26 00:23:27.549964,129
2018-01-26 00:24:28.431852,129
2018-01-26 00:25:29.301006,129
2018-01-26 00:26:30.186488,129
2018-01-26 00:27:31.058246,129
2018-01-26 00:28:31.955079,129
2018-01-26 00:29:33.065545,129
2018-01-26 00:30:33.967796,129
2018-01-26 00:31:34.813283,129
2018-01-26 00:32:35.731198,129
2018-01-26 00:33:36.626537,129
2018-01-26 00:34:37.496979,129
2018-01-26 00:35:38.389804,129
2018-01-26 00:36:39.272510,129
2018-01-26 00:37:40.167477,129
2018-01-26 00:38:41.068606,129
2018-01-26 00:39:41.946028,129
2018-01-26 00:40:42.803720,129
2018-01-26 00:41:43.681878,129
2018-01-26 00:42:44.601940,129
2018-01-26 00:43:45.906658,129
2018-01-26 00:44:46.840142,129
2018-01-26 00:45:47.752264,129
2018-01-26 00:46:48.696180,129
2018-01-26 00:47:49.578975,129
2018-01-26 00:48:50.453250,129
2018-01-26 00:49:51.320569,129
2018-01-26 00:50:52.226969,129
2018-01-26 00:51:53.131421,129
2018-01-26 00:52:54.056474,129
2018-01-26 00:53:54.930773,129
2018-01-26 00:54:55.849216,129
2018-01-26 00:55:56.769213,129
2018-01-26 00:56:57.664770,129
2018-01-26 00:57:58.583390,129
2018-01-26 00:58:59.466441,129
2018-01-26 01:00:00.355338,129
2018-01-26 01:01:01.241863,129
2018-01-26 01:02:02.177974,129
2018-01-26 01:03:03.056475,129
2018-01-26 01:04:03.935689,129
2018-01-26 01:05:04.999905,129
2018-01-26 01:06:05.886569,129
2018-01-26 01:07:06.790172,129
2018-01-26 01:08:08.684141,129
2018-01-26 01:09:09.591981,129
2018-01-26 01:10:10.493262,129
2018-01-26 01:11:11.387316,129
2018-01-26 01:12:12.352162,129
2018-01-26 01:13:13.260070,129
2018-01-26 01:14:14.143381,129
2018-01-26 01:15:15.031843,129
2018-01-26 01:16:15.926138,129
2018-01-26 01:17:16.798910,129
2018-01-26 01:18:17.714849,129
2018-01-26 01:19:18.846917,129
2018-01-26 01:20:19.732168,129
2018-01-26 01:21:20.606210,129
2018-01-26 01:22:21.520417,129
2018-01-26 01:23:22.444093,129
2018-01-26 01:24:23.338393,129
2018-01-26 01:25:24.242055,129
2018-01-26 01:26:25.144462,129
2018-01-26 01:27:26.030957,129
2018-01-26 01:28:26.904694,129
2018-01-26 01:29:27.828822,129
2018-01-26 01:30:28.702525,129
2018-01-26 01:31:29.595297,129
2018-01-26 01:32:30.497231,129
2018-01-26 01:33:31.347636,129
2018-01-26 01:34:32.249306,129
2018-01-26 01:35:33.162182,129
2018-01-26 01:36:34.292857,129
2018-01-26 01:37:35.203556,129
2018-01-26 01:38:36.095562,129
2018-01-26 01:39:36.967936,129
2018-01-26 01:40:37.843102,129
2018-01-26 01:41:38.730771,129
2018-01-26 01:42:39.608407,129
2018-01-26 01:43:40.498651,129
2018-01-26 01:44:41.399280,129
2018-01-26 01:45:42.311059,129
2018-01-26 01:46:43.221512,129
2018-01-26 01:47:44.143547,129
2018-01-26 01:48:45.069616,129
2018-01-26 01:49:45.999839,129
2018-01-26 01:50:47.196656,129
2018-01-26 01:51:48.088492,129
2018-01-26 01:52:48.970060,129
2018-01-26 01:53:49.927055,129
2018-01-26 01:54:51.075998,129
2018-01-26 01:55:51.958507,129
2018-01-26 01:56:52.860939,129
2018-01-26 01:57:53.762484,129
2018-01-26 01:58:54.691218,129
2018-01-26 01:59:55.570958,129
2018-01-26 02:00:56.466580,129
2018-01-26 02:01:57.415506,129
2018-01-26 02:02:58.359528,129
2018-01-26 02:03:59.279048,129
2018-01-26 02:05:00.168767,129
2018-01-26 02:06:01.036497,129
2018-01-26 02:07:01.935585,129
2018-01-26 02:08:02.853402,129
2018-01-26 02:09:03.744657,129
2018-01-26 02:10:04.641045,129
2018-01-26 02:11:05.543162,129
2018-01-26 02:12:06.428352,129
2018-01-26 02:13:07.931599,129
2018-01-26 02:14:08.889170,129
2018-01-26 02:15:09.872220,129
2018-01-26 02:16:10.760489,129
2018-01-26 02:17:11.640568,129
2018-01-26 02:18:12.655098,129
2018-01-26 02:19:13.564942,129
2018-01-26 02:20:14.746114,129
2018-01-26 02:21:15.653672,129
2018-01-26 02:22:16.550780,129
2018-01-26 02:23:17.430606,129
2018-01-26 02:24:18.561605,129
2018-01-26 02:25:19.480675,129
2018-01-26 02:26:20.389229,129
2018-01-26 02:27:21.277289,129
2018-01-26 02:28:22.167884,129
2018-01-26 02:29:23.071439,129
2018-01-26 02:30:23.987909,129
2018-01-26 02:31:24.871218,129
2018-01-26 02:32:25.741355,129
2018-01-26 02:33:26.644503,129
2018-01-26 02:34:27.543304,129
2018-01-26 02:35:28.471360,129
2018-01-26 02:36:29.363086,129
2018-01-26 02:37:30.254306,129
2018-01-26 02:38:31.159554,129
2018-01-26 02:39:32.059366,129
2018-01-26 02:40:32.958628,129
2018-01-26 02:41:33.847729,129
2018-01-26 02:42:34.746248,129
2018-01-26 02:43:35.629077,129
2018-01-26 02:44:36.556445,129
2018-01-26 02:45:37.480222,129
2018-01-26 02:46:38.352875,129
2018-01-26 02:47:39.259639,129
2018-01-26 02:48:40.179647,129
2018-01-26 02:49:41.075911,129
2018-01-26 02:50:41.967574,129
2018-01-26 02:51:42.860152,129
2018-01-26 02:52:43.766969,129
2018-01-26 02:53:44.835863,129
2018-01-26 02:54:45.788131,129
2018-01-26 02:55:46.672429,129
2018-01-26 02:56:47.615190,129
2018-01-26 02:57:48.514178,129
2018-01-26 02:58:49.640712,129
2018-01-26 02:59:50.534305,129
2018-01-26 03:00:51.440587,129
2018-01-26 03:01:52.357685,129
2018-01-26 03:02:53.260515,129
2018-01-26 03:03:54.175668,129
2018-01-26 03:04:55.063752,129
2018-01-26 03:05:55.976494,129
2018-01-26 03:06:56.863055,129
2018-01-26 03:07:57.764736,129
2018-01-26 03:08:58.652457,129
2018-01-26 03:09:59.559178,129
2018-01-26 03:11:00.501832,129
2018-01-26 03:12:01.413722,129
2018-01-26 03:13:02.326679,129
2018-01-26 03:14:03.278459,129
2018-01-26 03:15:04.165832,129
2018-01-26 03:16:05.055456,129
2018-01-26 03:17:05.956805,129
2018-01-26 03:18:06.855132,129
2018-01-26 03:19:07.805312,129
2018-01-26 03:20:08.692177,129
2018-01-26 03:21:09.594484,129
2018-01-26 03:22:10.503817,129
2018-01-26 03:23:11.402473,129
2018-01-26 03:24:12.629541,129
2018-01-26 03:25:13.571878,129
2018-01-26 03:26:14.485321,129
2018-01-26 03:27:15.424405,129
2018-01-26 03:28:16.334068,129
2018-01-26 03:29:17.235995,129
2018-01-26 03:30:18.124065,129
2018-01-26 03:31:19.050877,129
2018-01-26 03:32:19.932963,129
2018-01-26 03:33:20.844770,129
2018-01-26 03:34:21.739722,129
2018-01-26 03:35:22.646229,129
2018-01-26 03:36:23.577352,129
2018-01-26 03:37:24.479134,129
2018-01-26 03:38:25.370002,129
2018-01-26 03:39:26.280427,129
2018-01-26 03:40:27.208216,129
2018-01-26 03:41:28.122800,129
2018-01-26 03:42:29.013140,129
2018-01-26 03:43:29.930607,129
2018-01-26 03:44:31.040545,129
2018-01-26 03:45:31.947699,129
2018-01-26 03:46:32.838067,129
2018-01-26 03:47:33.757406,129
2018-01-26 03:48:34.684114,129
2018-01-26 03:49:35.588598,129
2018-01-26 03:50:37.212565,129
2018-01-26 03:51:38.134034,129
2018-01-26 03:52:39.028703,129
2018-01-26 03:53:39.929917,129
2018-01-26 03:54:40.822899,129
2018-01-26 03:55:41.801100,129
2018-01-26 03:56:42.710053,129
2018-01-26 03:57:43.604107,129
2018-01-26 03:58:44.491061,129
2018-01-26 03:59:45.603838,129
2018-01-26 04:00:46.496703,129
2018-01-26 04:01:47.402453,129
2018-01-26 04:02:48.280054,129
2018-01-26 04:03:49.231978,129
2018-01-26 04:04:50.138749,129
2018-01-26 04:05:51.034158,129
2018-01-26 04:06:51.963258,129
2018-01-26 04:07:52.850974,129
2018-01-26 04:08:53.761850,129
2018-01-26 04:09:54.674724,129
2018-01-26 04:10:55.617419,129
2018-01-26 04:11:56.515964,129
2018-01-26 04:12:57.421875,129
2018-01-26 04:13:58.361785,129
2018-01-26 04:14:59.244973,129
2018-01-26 04:16:00.336031,129
2018-01-26 04:17:01.253946,129
2018-01-26 04:18:02.154902,129
2018-01-26 04:19:03.108641,129
2018-01-26 04:20:04.025842,129
2018-01-26 04:21:04.923898,129
2018-01-26 04:22:05.893607,129
2018-01-26 04:23:06.800991,129
2018-01-26 04:24:07.683658,129
2018-01-26 04:25:08.582719,129
2018-01-26 04:26:09.525210,129
2018-01-26 04:27:10.452978,129
2018-01-26 04:28:11.336094,129
2018-01-26 04:29:12.236846,129
2018-01-26 04:30:13.238497,129
2018-01-26 04:31:14.113345,129
2018-01-26 04:32:15.065836,129
2018-01-26 04:33:15.972919,129
2018-01-26 04:34:16.868605,129
2018-01-26 04:35:17.752973,129
2018-01-26 04:36:18.675031,129
2018-01-26 04:37:19.586822,129
2018-01-26 04:38:20.483540,129
2018-01-26 04:39:21.368899,129
2018-01-26 04:40:22.249278,129
2018-01-26 04:41:23.152347,129
2018-01-26 04:42:24.020523,129
2018-01-26 04:43:24.940180,129
2018-01-26 04:44:25.845680,129
2018-01-26 04:45:26.771165,129
2018-01-26 04:46:27.693292,129
2018-01-26 04:47:28.555139,129
2018-01-26 04:48:29.448742,129
2018-01-26 04:49:30.578391,129
2018-01-26 04:50:31.497052,129
2018-01-26 04:51:32.407881,129
2018-01-26 04:52:33.309569,129
2018-01-26 04:53:34.179674,129
2018-01-26 04:54:35.072340,129
2018-01-26 04:55:35.976010,129
2018-01-26 04:56:36.922528,129
2018-01-26 04:57:37.836776,129
2018-01-26 04:58:38.717762,129
2018-01-26 04:59:39.623653,129
2018-01-26 05:00:40.516271,129
2018-01-26 05:01:41.414742,129
2018-01-26 05:02:42.319606,129
2018-01-26 05:03:43.253244,129
2018-01-26 05:04:44.179030,129
2018-01-26 05:05:45.085436,129
2018-01-26 05:06:46.026901,129
2018-01-26 05:07:46.958303,129
2018-01-26 05:08:47.858904,129
2018-01-26 05:09:48.753809,129
2018-01-26 05:10:49.662814,129
2018-01-26 05:11:50.581442,129
2018-01-26 05:12:51.477269,129
2018-01-26 05:13:52.371617,129
2018-01-26 05:14:53.274423,129
2018-01-26 05:15:54.177008,129
2018-01-26 05:16:55.056573,129
2018-01-26 05:17:55.963580,129
2018-01-26 05:18:56.914716,129
2018-01-26 05:19:57.818142,129
2018-01-26 05:20:58.736090,129
2018-01-26 05:21:59.655159,129
2018-01-26 05:23:00.540758,129
2018-01-26 05:24:01.431907,129
2018-01-26 05:25:02.348277,129
2018-01-26 05:26:03.298429,129
2018-01-26 05:27:04.250897,129
2018-01-26 05:28:05.125653,129
2018-01-26 05:29:06.151013,129
2018-01-26 05:30:07.103618,129
2018-01-26 05:31:08.007436,129
2018-01-26 05:32:08.904993,129
2018-01-26 05:33:09.797435,129
2018-01-26 05:34:10.665918,129
2018-01-26 05:35:11.801710,129
2018-01-26 05:36:13.103007,129
2018-01-26 05:37:14.005362,129
2018-01-26 05:38:15.369935,129
2018-01-26 05:39:16.361111,129
2018-01-26 05:40:17.258566,129
2018-01-26 05:41:18.210554,129
2018-01-26 05:42:19.099432,129
2018-01-26 05:43:19.988722,129
2018-01-26 05:44:20.887861,129
2018-01-26 05:45:21.837904,129
2018-01-26 05:46:22.772137,129
2018-01-26 05:47:23.893159,129
2018-01-26 05:48:24.802224,129
2018-01-26 05:49:25.700304,129
2018-01-26 05:50:26.653192,129
2018-01-26 05:51:27.557160,129
2018-01-26 05:52:28.478246,129
2018-01-26 05:53:29.357140,129
2018-01-26 05:54:30.242667,129
2018-01-26 05:55:31.132205,129
2018-01-26 05:56:32.047518,129
2018-01-26 05:57:32.984488,129
2018-01-26 05:58:33.886822,129
2018-01-26 05:59:34.800975,129
2018-01-26 06:00:35.709720,129
2018-01-26 06:01:36.648247,129
2018-01-26 06:02:37.577797,129
2018-01-26 06:03:38.503919,129
2018-01-26 06:04:39.414711,129
2018-01-26 06:05:40.322484,129
2018-01-26 06:06:41.253616,129
2018-01-26 06:07:42.157121,129
2018-01-26 06:08:43.080903,129
2018-01-26 06:09:44.030051,129
2018-01-26 06:10:44.910285,129
2018-01-26 06:11:45.833529,129
2018-01-26 06:12:46.781729,129
2018-01-26 06:13:47.695194,129
2018-01-26 06:14:48.590041,129
2018-01-26 06:15:49.526121,129
2018-01-26 06:16:50.603966,129
2018-01-26 06:17:51.481490,129
2018-01-26 06:18:52.663461,129
2018-01-26 06:19:53.571723,129
2018-01-26 06:20:54.469996,129
2018-01-26 06:21:55.407735,129
2018-01-26 06:22:56.317729,129
2018-01-26 06:23:57.232392,129
2018-01-26 06:24:58.138034,129
2018-01-26 06:25:59.292547,129
2018-01-26 06:27:00.234872,128
2018-01-26 06:28:01.149875,128
2018-01-26 06:29:02.056060,128
2018-01-26 06:30:02.971008,128
2018-01-26 06:31:03.870549,128
2018-01-26 06:32:04.807269,128
2018-01-26 06:33:05.697401,128
2018-01-26 06:34:06.643335,128
2018-01-26 06:35:07.546838,128
2018-01-26 06:36:08.483706,128
2018-01-26 06:37:09.417993,128
2018-01-26 06:38:10.305414,128
2018-01-26 06:39:11.245626,128
2018-01-26 06:40:12.142461,128
2018-01-26 06:41:13.027911,128
2018-01-26 06:42:13.910930,128
2018-01-26 06:43:14.842727,128
2018-01-26 06:44:15.737463,128
2018-01-26 06:45:16.649452,127
2018-01-26 06:46:17.557449,127
2018-01-26 06:47:18.476701,127
2018-01-26 06:48:19.403492,127
2018-01-26 06:49:20.321566,127
2018-01-26 06:50:21.408703,127
2018-01-26 06:51:22.296678,127
2018-01-26 06:52:23.393983,127
2018-01-26 06:53:24.276006,127
2018-01-26 06:54:25.185601,127
2018-01-26 06:55:26.082591,127
2018-01-26 06:56:26.974244,127
2018-01-26 06:57:27.894844,127
2018-01-26 06:58:28.840055,127
2018-01-26 06:59:29.736188,127
2018-01-26 07:00:30.634497,127
2018-01-26 07:01:31.524300,127
2018-01-26 07:02:32.430064,127
2018-01-26 07:03:33.342451,127
2018-01-26 07:04:34.264068,127
2018-01-26 07:05:35.166513,127
2018-01-26 07:06:36.064183,127
2018-01-26 07:07:37.164264,127
2018-01-26 07:08:38.061635,127
2018-01-26 07:09:38.963120,127
2018-01-26 07:10:39.882202,127
2018-01-26 07:11:40.772541,127
2018-01-26 07:12:41.692108,127
2018-01-26 07:13:42.729730,127
2018-01-26 07:14:43.622170,127
2018-01-26 07:15:44.505540,127
2018-01-26 07:16:45.422136,127
2018-01-26 07:17:46.303423,127
2018-01-26 07:18:47.274521,127
2018-01-26 07:19:48.183001,127
2018-01-26 07:20:49.082680,127
2018-01-26 07:21:50.179946,127
2018-01-26 07:22:51.270208,127
2018-01-26 07:23:52.166891,127
2018-01-26 07:24:53.063491,127
2018-01-26 07:25:53.954250,127
2018-01-26 07:26:54.856691,127
2018-01-26 07:27:55.757018,127
2018-01-26 07:28:56.751738,127
2018-01-26 07:29:57.724607,127
2018-01-26 07:30:58.635280,127
2018-01-26 07:31:59.585742,127
2018-01-26 07:33:00.493615,127
2018-01-26 07:34:01.689854,126
2018-01-26 07:35:02.623531,126
2018-01-26 07:36:03.526174,126
2018-01-26 07:37:04.800697,126
2018-01-26 07:38:05.699811,126
2018-01-26 07:39:06.582858,126
2018-01-26 07:40:07.518491,126
2018-01-26 07:41:08.431332,126
2018-01-26 07:42:09.540400,126
2018-01-26 07:43:10.509239,126
2018-01-26 07:44:11.409182,126
2018-01-26 07:45:12.323335,126
2018-01-26 07:46:13.344233,126
2018-01-26 07:47:14.239869,126
2018-01-26 07:48:15.156602,126
2018-01-26 07:49:16.060384,126
2018-01-26 07:50:16.957476,126
2018-01-26 07:51:17.874463,126
2018-01-26 07:52:18.767774,126
2018-01-26 07:53:19.688588,126
2018-01-26 07:54:20.600814,126
2018-01-26 07:55:21.530752,126
2018-01-26 07:56:22.453894,126
2018-01-26 07:57:23.372293,126
2018-01-26 07:58:24.264540,126
2018-01-26 07:59:25.211456,126
2018-01-26 08:00:26.140904,126
2018-01-26 08:01:27.069068,126
2018-01-26 08:02:27.970895,126
2018-01-26 08:03:28.890870,126
2018-01-26 08:04:29.799519,126
2018-01-26 08:05:30.725960,126
2018-01-26 08:06:31.639431,126
2018-01-26 08:07:32.529158,126
2018-01-26 08:08:33.433739,126
2018-01-26 08:09:34.367928,126
2018-01-26 08:10:35.266295,126
2018-01-26 08:11:36.237638,126
2018-01-26 08:12:37.139261,126
2018-01-26 08:13:38.046796,126
2018-01-26 08:14:38.949590,126
2018-01-26 08:15:39.835401,126
2018-01-26 08:16:40.748694,126
2018-01-26 08:17:41.648268,126
2018-01-26 08:18:42.603680,126
2018-01-26 08:19:43.531108,125
2018-01-26 08:20:44.433267,125
2018-01-26 08:21:45.336972,125
2018-01-26 08:22:46.233766,125
2018-01-26 08:23:47.139698,125
2018-01-26 08:24:48.054347,125
2018-01-26 08:25:48.973871,125
2018-01-26 08:26:49.868051,125
2018-01-26 08:27:50.771876,125
2018-01-26 08:28:51.694239,125
2018-01-26 08:29:52.626536,125
2018-01-26 08:30:53.531258,125
2018-01-26 08:31:54.438028,125
2018-01-26 08:32:55.372618,125
2018-01-26 08:33:56.264058,125
2018-01-26 08:34:57.165444,125
2018-01-26 08:35:58.083944,125
2018-01-26 08:36:58.996101,125
2018-01-26 08:37:59.915786,125
2018-01-26 08:39:00.819616,125
2018-01-26 08:40:01.755196,125
2018-01-26 08:41:02.639006,125
2018-01-26 08:42:03.573672,125
2018-01-26 08:43:04.478574,125
2018-01-26 08:44:05.391563,125
2018-01-26 08:45:06.314496,124
2018-01-26 08:46:07.235822,124
2018-01-26 08:47:08.129792,124
2018-01-26 08:48:09.050250,124
2018-01-26 08:49:09.951720,124
2018-01-26 08:50:10.872277,124
2018-01-26 08:51:11.783929,124
2018-01-26 08:52:12.697812,124
2018-01-26 08:53:13.597532,124
2018-01-26 08:54:14.483708,124
2018-01-26 08:55:15.401361,124
2018-01-26 08:56:16.286916,124
2018-01-26 08:57:17.206945,124
2018-01-26 08:58:18.120086,124
2018-01-26 08:59:19.040638,124
2018-01-26 09:00:20.004286,124
2018-01-26 09:01:20.917539,124
2018-01-26 09:02:21.838970,124
2018-01-26 09:03:22.734725,124
2018-01-26 09:04:23.635340,124
2018-01-26 09:05:24.562028,124
2018-01-26 09:06:25.460792,124
2018-01-26 09:07:26.357771,124
2018-01-26 09:08:27.254880,124
2018-01-26 09:09:28.147864,124
2018-01-26 09:10:29.030916,124
2018-01-26 09:11:29.951312,124
2018-01-26 09:12:31.052644,124
2018-01-26 09:13:32.166962,124
2018-01-26 09:14:33.079358,124
2018-01-26 09:15:33.960890,124
2018-01-26 09:16:34.862141,124
2018-01-26 09:17:35.787743,124
2018-01-26 09:18:36.732702,124
2018-01-26 09:19:37.633473,124
2018-01-26 09:20:38.548776,124
2018-01-26 09:21:39.483739,123
2018-01-26 09:22:40.392765,123
2018-01-26 09:23:41.293951,123
2018-01-26 09:24:42.216319,123
2018-01-26 09:25:43.117352,123
2018-01-26 09:26:44.030182,124
2018-01-26 09:27:45.588631,123
2018-01-26 09:28:47.255091,123
2018-01-26 09:29:48.139999,123
2018-01-26 09:30:49.075806,123
2018-01-26 09:31:49.961416,123
2018-01-26 09:32:50.894037,123
2018-01-26 09:33:51.783815,123
2018-01-26 09:34:52.722619,123
2018-01-26 09:35:53.643029,123
2018-01-26 09:36:54.544329,122
2018-01-26 09:37:55.458946,122
2018-01-26 09:38:56.362724,123
2018-01-26 09:39:57.929197,123
2018-01-26 09:40:58.806952,123
2018-01-26 09:41:59.767664,123
2018-01-26 09:43:00.688180,123
2018-01-26 09:44:01.592298,123
2018-01-26 09:45:02.492561,123
2018-01-26 09:46:03.450922,123
2018-01-26 09:47:04.851820,123
2018-01-26 09:48:05.767387,123
2018-01-26 09:49:06.664169,123
2018-01-26 09:50:07.591886,123
2018-01-26 09:51:08.506784,123
2018-01-26 09:52:09.440557,123
2018-01-26 09:53:10.349816,123
2018-01-26 09:54:11.285794,122
2018-01-26 09:55:12.185208,122
2018-01-26 09:56:13.093712,122
2018-01-26 09:57:14.244599,122
2018-01-26 09:58:15.130812,122
2018-01-26 09:59:16.045187,122
2018-01-26 10:00:16.930933,122
2018-01-26 10:01:17.890560,122
2018-01-26 10:02:18.797577,122
2018-01-26 10:03:19.720779,122
2018-01-26 10:04:20.613809,122
2018-01-26 10:05:21.715956,122
2018-01-26 10:06:22.637823,123
2018-01-26 10:07:23.837066,122
2018-01-26 10:08:24.954694,122
2018-01-26 10:09:25.856544,122
2018-01-26 10:10:26.766391,122
2018-01-26 10:11:27.695173,122
2018-01-26 10:12:28.585977,122
2018-01-26 10:13:29.504901,122
2018-01-26 10:14:30.427946,122
2018-01-26 10:15:31.341665,121
2018-01-26 10:16:32.266520,121
2018-01-26 10:17:33.147384,121
2018-01-26 10:18:34.099775,121
2018-01-26 10:19:35.028515,122
2018-01-26 10:20:36.190438,122
2018-01-26 10:21:37.088085,122
2018-01-26 10:22:37.997644,122
2018-01-26 10:23:38.893069,122
2018-01-26 10:24:39.835147,122
2018-01-26 10:25:40.735392,122
2018-01-26 10:26:41.631781,122
2018-01-26 10:27:42.537802,122
2018-01-26 10:28:43.475819,122
2018-01-26 10:29:44.359129,122
2018-01-26 10:30:45.260590,122
2018-01-26 10:31:46.197990,122
2018-01-26 10:32:47.092914,122
2018-01-26 10:33:48.171837,122
2018-01-26 10:34:49.085258,121
2018-01-26 10:35:50.005895,121
2018-01-26 10:36:50.930575,121
2018-01-26 10:37:51.867003,121
2018-01-26 10:38:52.809696,121
2018-01-26 10:39:53.725651,121
2018-01-26 10:40:54.629479,121
2018-01-26 10:41:55.546753,121
2018-01-26 10:42:56.461520,121
2018-01-26 10:43:57.405053,121
2018-01-26 10:44:58.330701,121
2018-01-26 10:45:59.227174,121
2018-01-26 10:47:00.152483,121
2018-01-26 10:48:01.064149,121
2018-01-26 10:49:01.972398,121
2018-01-26 10:50:02.898565,121
2018-01-26 10:51:03.843104,121
2018-01-26 10:52:04.741385,121
2018-01-26 10:53:05.695527,121
2018-01-26 10:54:06.578097,121
2018-01-26 10:55:07.481242,121
2018-01-26 10:56:08.383731,121
2018-01-26 10:57:09.299118,121
2018-01-26 10:58:10.335843,121
2018-01-26 10:59:11.240792,121
2018-01-26 11:00:12.161249,122
2018-01-26 11:01:13.364691,122
2018-01-26 11:02:14.310559,122
2018-01-26 11:03:15.210781,122
2018-01-26 11:04:16.122415,122
2018-01-26 11:05:17.033524,120
2018-01-26 11:06:17.944831,120
2018-01-26 11:07:18.929127,121
2018-01-26 11:08:20.238428,121
2018-01-26 11:09:21.119772,121
2018-01-26 11:10:22.035281,121
2018-01-26 11:11:22.942855,121
2018-01-26 11:12:23.867392,122
2018-01-26 11:13:25.040006,122
2018-01-26 11:14:25.974119,122
2018-01-26 11:15:26.894289,123
2018-01-26 11:16:28.526118,124
2018-01-26 11:17:30.627587,124
2018-01-26 11:18:31.601630,124
2018-01-26 11:19:32.496249,125
2018-01-26 11:20:33.879285,125
2018-01-26 11:21:34.796896,125
2018-01-26 11:22:35.727904,125
2018-01-26 11:23:36.647236,125
2018-01-26 11:24:37.550839,126
2018-01-26 11:25:38.726036,126
2018-01-26 11:26:39.659416,126
2018-01-26 11:27:40.586564,126
2018-01-26 11:28:41.501093,125
2018-01-26 11:29:42.391687,125
2018-01-26 11:30:43.306072,125
2018-01-26 11:31:44.203476,125
2018-01-26 11:32:45.158081,125
2018-01-26 11:33:46.070772,125
2018-01-26 11:34:46.990637,125
2018-01-26 11:35:47.912322,125
2018-01-26 11:36:48.809888,124
2018-01-26 11:37:49.712238,124
2018-01-26 11:38:50.682643,125
2018-01-26 11:39:51.838436,125
2018-01-26 11:40:52.749932,126
2018-01-26 11:41:53.995874,126
2018-01-26 11:42:54.924330,126
2018-01-26 11:43:55.879173,127
2018-01-26 11:44:57.843660,127
2018-01-26 11:45:58.812628,127
2018-01-26 11:46:59.740557,127
2018-01-26 11:48:00.675747,127
2018-01-26 11:49:01.639016,127
2018-01-26 11:50:02.542065,127
2018-01-26 11:51:03.465578,128
2018-01-26 11:52:04.646511,128
2018-01-26 11:53:05.736348,128
2018-01-26 11:54:06.853863,129
2018-01-26 11:55:08.049312,129
2018-01-26 11:56:08.985846,129
2018-01-26 11:57:09.899622,129
2018-01-26 11:58:10.841656,129
2018-01-26 11:59:11.746540,130
2018-01-26 12:00:13.349037,129
2018-01-26 12:01:14.234617,130
2018-01-26 12:02:15.735694,131
2018-01-26 12:03:17.343097,131
2018-01-26 12:04:18.261435,132
2018-01-26 12:05:19.923668,132
2018-01-26 12:06:20.870882,133
2018-01-26 12:07:22.559986,133
2018-01-26 12:08:23.472649,133
2018-01-26 12:09:24.387456,133
2018-01-26 12:10:25.771261,133
2018-01-26 12:11:26.689111,133
2018-01-26 12:12:27.570962,133
2018-01-26 12:13:28.499241,134
2018-01-26 12:14:29.794589,134
2018-01-26 12:15:30.774497,135
2018-01-26 12:16:32.178192,134
2018-01-26 12:17:33.099739,134
2018-01-26 12:18:34.075759,134
2018-01-26 12:19:34.973050,134
2018-01-26 12:20:35.873753,134
2018-01-26 12:21:36.777294,134
2018-01-26 12:22:37.708456,135
2018-01-26 12:23:39.035465,135
2018-01-26 12:24:39.957969,136
2018-01-26 12:25:41.525072,136
2018-01-26 12:26:42.425385,136
2018-01-26 14:36:16.036755,XXX
2018-01-26 14:37:17.027044,201
2018-01-26 14:38:17.942652,137
2018-01-26 14:39:18.808214,137
2018-01-26 14:40:19.691159,137
2018-01-26 14:41:20.577914,137
2018-01-26 14:42:21.438275,137
2018-01-26 14:43:22.315409,137
2018-01-26 14:44:23.179819,137
2018-01-26 14:45:24.056477,137
2018-01-26 14:46:24.940342,137
2018-01-26 14:47:25.874510,137
2018-01-26 14:48:26.757229,137
2018-01-26 14:49:27.627639,137
2018-01-26 14:50:28.569854,137
2018-01-26 14:51:29.436879,137
2018-01-26 14:52:30.337443,136
2018-01-26 14:53:31.341842,136
2018-01-26 14:54:32.215475,136
2018-01-26 14:55:33.322519,136
2018-01-26 14:56:34.182591,136
2018-01-26 14:57:35.128263,136
2018-01-26 14:58:35.979264,136
2018-01-26 14:59:36.801260,136
2018-01-26 15:00:37.643056,136
2018-01-26 15:01:38.475633,136
2018-01-26 15:02:39.329508,136
2018-01-26 15:03:40.199729,136
2018-01-26 15:04:41.038090,136
2018-01-26 15:05:41.880055,136
2018-01-26 15:06:42.732906,136
2018-01-26 15:07:43.583056,136
2018-01-26 15:08:44.409329,136
2018-01-26 15:09:45.294732,136
2018-01-26 15:10:46.407376,136
2018-01-26 15:11:47.273949,136
2018-01-26 15:12:48.204956,136
2018-01-26 15:13:49.553238,136
2018-01-26 15:14:50.387611,136
2018-01-26 15:15:51.262938,136
2018-01-26 15:16:52.197912,136
2018-01-26 15:17:53.183329,136
2018-01-26 15:18:54.134087,136
2018-01-26 15:19:54.979164,136
2018-01-26 15:20:55.800469,136
2018-01-26 15:21:56.612097,136
2018-01-26 15:22:57.480814,136
2018-01-26 15:23:58.336428,136
2018-01-26 15:24:59.414453,136
2018-01-26 15:26:00.260918,136
2018-01-26 15:27:01.353004,136
2018-01-26 15:28:02.184060,136
2018-01-26 15:29:03.028012,136
2018-01-26 15:30:04.101508,136
2018-01-26 15:31:04.960795,136
2018-01-26 15:32:05.785349,136
2018-01-26 15:33:06.621435,137
2018-01-26 15:34:07.741426,137
2018-01-26 15:35:08.559328,137
2018-01-26 15:36:09.393414,137
2018-01-26 15:37:10.268935,137
2018-01-26 15:38:11.137497,137
2018-01-26 15:39:11.981018,137
2018-01-26 15:40:12.819485,137
2018-01-26 15:41:13.656672,137
2018-01-26 15:42:14.496656,137
2018-01-26 15:43:15.333958,201
2018-01-26 15:44:16.406156,201
2018-01-26 15:45:17.256317,137
2018-01-26 15:46:18.315690,137
2018-01-26 15:47:19.147264,137
2018-01-26 15:48:19.975120,137
2018-01-26 15:49:20.810546,137
2018-01-26 15:50:21.647629,137
2018-01-26 15:51:22.517242,137
2018-01-26 15:52:23.371090,137
2018-01-26 15:53:24.209365,137
2018-01-26 15:54:25.048417,137
2018-01-26 15:55:25.888225,201
2018-01-26 15:56:27.132013,201
2018-01-26 15:57:27.967035,201
2018-01-26 15:58:28.808000,137
2018-01-26 15:59:29.626509,137
2018-01-26 16:00:30.461249,137
2018-01-26 16:01:31.293379,137
2018-01-26 16:02:32.127315,136
2018-01-26 16:03:32.966439,136
2018-01-26 16:04:33.816986,137
2018-01-26 16:05:34.941073,137
2018-01-26 16:06:36.000234,137
2018-01-26 16:07:36.873344,136
2018-01-26 16:08:37.739032,136
2018-01-26 16:09:38.577578,137
2018-01-26 16:10:39.663679,137
2018-01-26 16:11:40.517217,137
2018-01-26 16:12:41.399733,201
2018-01-26 17:50:09.408889,135
2018-01-26 17:51:10.395329,135
2018-01-26 17:52:11.315366,135
2018-01-26 17:53:12.224905,135
2018-01-26 17:54:13.168404,135
2018-01-26 17:55:14.055289,135
2018-01-26 17:56:15.610499,135
2018-01-26 17:57:17.866976,135
2018-01-26 17:58:18.753610,135
2018-01-26 17:59:19.622976,135
2018-01-26 18:00:20.506883,135
2018-01-26 18:01:21.402841,135
2018-01-26 18:02:22.300758,135
2018-01-26 18:03:23.681230,135
2018-01-26 18:04:25.178585,135
2018-01-26 18:05:26.077148,135
2018-01-26 18:06:26.991376,135
2018-01-26 18:07:27.844891,135
2018-01-26 18:08:28.749740,135
2018-01-26 18:09:29.705679,135
2018-01-26 18:10:30.708359,135
2018-01-26 18:11:31.784759,135
2018-01-26 18:12:32.841226,135
2018-01-26 18:13:34.330503,135
2018-01-26 18:14:35.480506,135
2018-01-26 18:15:36.360566,135
2018-01-26 18:16:37.257164,135
2018-01-26 18:17:38.400593,135
2018-01-26 18:18:39.440289,135
2018-01-26 18:19:40.266667,135
2018-01-26 18:20:41.169662,135
2018-01-26 18:21:42.055459,135
2018-01-26 18:22:43.198970,135
2018-01-26 18:23:44.157758,135
2018-01-26 18:24:45.137694,135
2018-01-26 18:25:45.968523,135
2018-01-26 18:26:46.782956,135
2018-01-26 18:27:47.628095,135
2018-01-26 18:28:48.897147,135
2018-01-26 18:29:49.756499,135
2018-01-26 18:30:50.637248,135
2018-01-26 18:31:51.494471,135
2018-01-26 18:32:52.342425,135
2018-01-26 18:33:53.186774,135
2018-01-26 18:34:54.039354,135
2018-01-26 18:35:54.888676,135
2018-01-26 18:36:55.739623,135
2018-01-26 18:37:56.602768,135
2018-01-26 18:38:57.442606,135
2018-01-26 18:39:58.313586,135
2018-01-26 18:40:59.168709,135
2018-01-26 18:42:00.021496,135
2018-01-26 18:43:00.887005,135
2018-01-26 18:44:01.743965,135
2018-01-26 18:45:02.693992,135
2018-01-26 18:46:03.723270,135
2018-01-26 18:47:04.595408,135
2018-01-26 18:48:05.539019,135
2018-01-26 18:49:06.385371,135
2018-01-26 18:50:07.244455,135
2018-01-26 18:51:08.107029,135
2018-01-26 18:52:08.960375,135
2018-01-26 18:53:09.845334,135
2018-01-26 18:54:10.754541,135
2018-01-26 18:55:11.618384,135
2018-01-26 18:56:12.463299,135
2018-01-26 18:57:13.340986,135
2018-01-26 18:58:14.496647,135
2018-01-26 18:59:15.348648,135
2018-01-26 19:00:16.184281,135
2018-01-26 19:01:17.111798,135
2018-01-26 19:02:17.965268,135
2018-01-26 19:03:19.025798,135
2018-01-26 19:04:19.867271,135
2018-01-26 19:05:20.735036,135
2018-01-26 19:06:21.587531,135
2018-01-26 19:07:22.439501,135
2018-01-26 19:08:23.280757,135
2018-01-26 19:09:24.186409,135
2018-01-26 19:10:25.129725,135
2018-01-26 19:11:25.985335,135
2018-01-26 19:12:26.911911,135
2018-01-26 19:13:27.796835,135
2018-01-26 19:14:28.712975,135
2018-01-26 19:15:29.560906,135
2018-01-26 19:16:30.396423,135
2018-01-26 19:17:31.256864,135
2018-01-26 19:18:32.164999,135
2018-01-26 19:19:33.028557,135
2018-01-26 19:20:33.884219,135
2018-01-26 19:21:34.760229,135
2018-01-26 19:22:35.615236,135
2018-01-26 19:23:36.496105,135
2018-01-26 19:24:37.347717,135
2018-01-26 19:25:38.242427,135
2018-01-26 19:26:39.082387,135
2018-01-26 19:27:39.925590,135
2018-01-26 19:28:40.809399,135
2018-01-26 19:29:41.648153,135
2018-01-26 19:30:42.499580,135
2018-01-26 19:31:43.408347,135
2018-01-26 19:32:44.240807,135
2018-01-26 19:33:45.404711,135
2018-01-26 19:34:46.280728,135
2018-01-26 19:35:47.144467,135
2018-01-26 19:36:47.992726,135
2018-01-26 19:37:48.845227,134
2018-01-26 19:38:49.719576,134
2018-01-26 19:39:50.634914,134
2018-01-26 19:40:51.676784,134
2018-01-26 19:41:52.511425,134
2018-01-26 19:42:53.379592,134
2018-01-26 19:43:54.213240,134
2018-01-26 19:44:55.065110,134
2018-01-26 19:45:55.969178,134
2018-01-26 19:46:56.818443,134
2018-01-26 19:47:57.693557,134
2018-01-26 19:48:58.537517,134
2018-01-26 19:49:59.374663,134
2018-01-26 19:51:00.417779,134
2018-01-26 19:52:01.297180,134
2018-01-26 19:53:02.132639,134
2018-01-26 19:54:02.975520,134
2018-01-26 19:55:03.822115,134
2018-01-26 19:56:04.649580,134
2018-01-26 19:57:05.474244,134
2018-01-26 19:58:06.310785,134
2018-01-26 19:59:07.147844,134
2018-01-26 20:00:07.989088,134
2018-01-26 20:01:09.076225,134
2018-01-26 20:02:09.923337,134
2018-01-26 20:03:10.811566,134
2018-01-26 20:04:11.689660,134
2018-01-26 20:05:12.575791,134
2018-01-26 20:06:13.423571,134
2018-01-26 20:07:14.289259,134
2018-01-26 20:08:15.474933,133
2018-01-26 20:09:16.304338,133
2018-01-26 20:10:17.217149,133
2018-01-26 20:11:18.094993,133
2018-01-26 20:12:19.313265,133
2018-01-26 20:13:20.392136,133
2018-01-26 20:14:21.234018,133
2018-01-26 20:15:22.170200,133
2018-01-26 20:16:23.034101,133
2018-01-26 20:17:23.974837,133
2018-01-26 20:18:24.962675,133
2018-01-26 20:19:25.807812,133
2018-01-26 20:20:26.638462,133
2018-01-26 20:21:27.460550,133
2018-01-26 20:22:28.318239,133
2018-01-26 20:23:29.383868,133
2018-01-26 20:24:30.233378,133
2018-01-26 20:25:31.109944,133
2018-01-26 20:26:31.997608,132
2018-01-26 20:27:33.130855,132
2018-01-26 20:28:33.966123,132
2018-01-26 20:29:34.798149,132
2018-01-26 20:30:35.631971,132
2018-01-26 20:31:36.471617,132
2018-01-26 20:32:37.321950,132
2018-01-26 20:33:38.201345,132
2018-01-26 20:34:39.359325,132
2018-01-26 20:35:40.242234,132
2018-01-26 20:36:41.100940,132
2018-01-26 20:37:41.946063,132
2018-01-26 20:38:42.799714,131
2018-01-26 20:39:43.632861,131
2018-01-26 20:40:44.603800,131
2018-01-26 20:41:45.447388,131
2018-01-26 20:42:46.370070,131
2018-01-26 20:43:47.328490,131
2018-01-26 20:44:48.235967,131
2018-01-26 20:45:49.116628,131
2018-01-26 20:46:49.980494,131
2018-01-26 20:47:50.864961,131
2018-01-26 20:48:51.811459,131
2018-01-26 20:49:52.730912,131
2018-01-26 20:50:53.660694,131
2018-01-26 20:51:54.513797,131
2018-01-26 20:52:55.439238,131
2018-01-26 20:53:56.307042,130
2018-01-26 20:54:57.174101,130
2018-01-26 20:55:58.078142,130
2018-01-26 20:56:58.964046,130
2018-01-26 20:57:59.824071,130
2018-01-26 20:59:00.697603,130
2018-01-26 21:00:01.550013,130
2018-01-26 21:01:02.437223,130
2018-01-26 21:02:03.742920,130
2018-01-26 21:03:04.590838,130
2018-01-26 21:04:05.451337,130
2018-01-26 21:05:06.299320,130
2018-01-26 21:06:07.153717,130
2018-01-26 21:07:08.021758,130
2018-01-26 21:08:09.133592,130
2018-01-26 21:09:10.237100,129
2018-01-26 21:10:11.126962,129
2018-01-26 21:11:12.213457,129
2018-01-26 21:12:13.116703,129
2018-01-26 21:13:13.986121,129
2018-01-26 21:14:14.984386,129
2018-01-26 21:15:15.920813,129
2018-01-26 21:16:16.836615,129
2018-01-26 21:17:17.739134,129
2018-01-26 21:18:18.646198,129
2018-01-26 21:19:19.614097,129
2018-01-26 21:20:20.498803,129
2018-01-26 21:21:21.373913,129
2018-01-26 21:22:22.243139,129
2018-01-26 21:23:23.173744,129
2018-01-26 21:24:24.088566,129
2018-01-26 21:25:25.019495,129
2018-01-26 21:26:26.058813,129
2018-01-26 21:27:26.945492,129
2018-01-26 21:28:27.823964,129
2018-01-26 21:29:28.698629,129
2018-01-26 21:30:29.567189,129
2018-01-26 21:31:30.452836,129
2018-01-26 21:32:31.317681,129
2018-01-26 21:33:32.176453,129
2018-01-26 21:34:33.023698,129
2018-01-26 21:35:33.934870,129
2018-01-26 21:36:35.030757,129
2018-01-26 21:37:35.904073,129
2018-01-26 21:38:36.773060,129
2018-01-26 21:39:37.636401,129
2018-01-26 21:40:38.506535,129
2018-01-26 21:41:39.395965,129
2018-01-26 21:42:40.315001,129
2018-01-26 21:43:41.201343,129
2018-01-26 21:44:42.070027,129
2018-01-26 21:45:42.935211,129
2018-01-26 21:46:43.783915,129
2018-01-26 21:47:44.680114,129
2018-01-26 21:48:45.567812,129
2018-01-26 21:49:46.463411,129
2018-01-26 21:50:47.340788,129
2018-01-26 21:51:48.211059,129
2018-01-26 21:52:49.083814,129
2018-01-26 21:53:50.037251,129
2018-01-26 21:54:50.938217,129
2018-01-26 21:55:51.817280,129
2018-01-26 21:56:52.681953,129
2018-01-26 21:57:53.584845,129
2018-01-26 21:58:54.513541,129
2018-01-26 21:59:55.377117,129
2018-01-26 22:00:56.257533,129
2018-01-26 22:01:57.370602,129
2018-01-26 22:02:58.213023,129
2018-01-26 22:03:59.095175,129
2018-01-26 22:04:59.966866,129
2018-01-26 22:06:00.829612,129
2018-01-26 22:07:01.709694,129
2018-01-26 22:08:02.583562,129
2018-01-26 22:09:03.456065,129
2018-01-26 22:10:04.329255,129
2018-01-26 22:11:05.245495,129
2018-01-26 22:12:06.130554,129
2018-01-26 22:13:07.009805,129
2018-01-26 22:14:07.911100,129
2018-01-26 22:15:08.788540,129
2018-01-26 22:16:09.675528,129
2018-01-26 22:17:10.538012,129
2018-01-26 22:18:11.525260,129
2018-01-26 22:19:12.784676,129
2018-01-26 22:20:14.041247,129
2018-01-26 22:21:15.112246,129
2018-01-26 22:23:44.504292,129
2018-01-26 22:24:45.651662,129
2018-01-26 22:25:46.571441,129
2018-01-26 22:26:47.465441,129
2018-01-26 22:27:48.303758,129
2018-01-26 22:28:49.259401,129
2018-01-26 22:29:50.291856,129
2018-01-26 22:30:51.147151,129
2018-01-26 22:31:52.166786,129
2018-01-26 22:32:53.158962,129
2018-01-26 22:33:54.188775,129
2018-01-26 22:34:55.252867,129
2018-01-26 22:35:56.271338,129
2018-01-26 22:36:57.254587,129
2018-01-26 22:37:58.370897,129
2018-01-26 22:38:59.487624,129
2018-01-26 22:40:00.511319,129
2018-01-26 22:41:01.469701,129
2018-01-26 22:42:02.356446,129
2018-01-26 22:43:03.281111,129
2018-01-26 22:44:04.291051,129
2018-01-26 22:45:05.217549,129
2018-01-26 22:46:06.141384,129
2018-01-26 22:47:07.042480,129
2018-01-26 22:48:07.942086,129
2018-01-26 22:49:08.825954,129
2018-01-26 22:50:09.731726,129
2018-01-26 22:51:10.699606,129
2018-01-26 22:52:11.587140,129
2018-01-26 22:53:12.471401,129
2018-01-26 22:54:13.408377,129
2018-01-26 22:55:14.333960,129
2018-01-26 22:56:15.353045,129
2018-01-26 22:57:16.293192,129
2018-01-26 22:58:17.241649,129
2018-01-26 22:59:18.203280,129
2018-01-26 23:00:19.650068,129
2018-01-26 23:01:20.602555,129
2018-01-26 23:02:21.565603,129
2018-01-26 23:03:22.864106,129
2018-01-26 23:04:24.135400,129
2018-01-26 23:05:25.087658,129
2018-01-26 23:06:26.044099,129
2018-01-26 23:07:27.029483,129
2018-01-26 23:08:27.989579,129
2018-01-26 23:09:28.884073,129
2018-01-26 23:10:29.829325,129
2018-01-26 23:11:30.750029,129
2018-01-26 23:12:31.702999,129
2018-01-26 23:13:32.651577,129
2018-01-26 23:14:33.539483,129
2018-01-26 23:15:34.460060,129
2018-01-26 23:16:35.646789,129
2018-01-26 23:17:36.618009,129
2018-01-26 23:18:37.436325,129
2018-01-26 23:19:38.278124,129
2018-01-26 23:20:39.120771,129
2018-01-26 23:21:39.965377,129
2018-01-26 23:22:40.859134,129
2018-01-26 23:23:41.766878,129
2018-01-26 23:24:42.652642,129
2018-01-26 23:25:43.514255,129
2018-01-26 23:26:44.394254,129
2018-01-26 23:27:45.265874,129
2018-01-26 23:28:46.155202,129
2018-01-26 23:29:47.002394,129
2018-01-26 23:30:47.865600,129
2018-01-26 23:31:48.707288,129
2018-01-26 23:32:49.559268,129
2018-01-26 23:33:50.408984,129
2018-01-26 23:34:51.269736,129
2018-01-26 23:35:52.136057,129
2018-01-26 23:36:52.993433,129
2018-01-26 23:37:53.852489,129
2018-01-26 23:38:54.707375,129
2018-01-26 23:39:55.599150,129
2018-01-26 23:40:56.478479,129
2018-01-26 23:41:57.335084,129
2018-01-26 23:42:58.216231,129
2018-01-26 23:43:59.073374,129
2018-01-26 23:44:59.969766,129
2018-01-26 23:46:00.827346,129
2018-01-26 23:47:01.705048,129
2018-01-26 23:48:02.561605,129
2018-01-26 23:49:03.434491,129
2018-01-26 23:50:04.312236,129
2018-01-26 23:51:05.165380,129
2018-01-26 23:52:06.095005,129
2018-01-26 23:53:07.197290,129
2018-01-26 23:54:08.074102,129
2018-01-26 23:55:08.974072,129
2018-01-26 23:56:09.831125,129
2018-01-26 23:57:10.712299,129
2018-01-26 23:58:11.766003,129
2018-01-26 23:59:12.624795,129
2018-01-27 00:00:13.472953,129
2018-01-27 00:01:14.314573,129
2018-01-27 00:02:15.349418,129
2018-01-27 00:03:16.242163,129
2018-01-27 00:04:17.090254,129
2018-01-27 00:05:17.952890,129
2018-01-27 00:06:18.818567,129
2018-01-27 00:07:19.656140,129
2018-01-27 00:08:20.514410,129
2018-01-27 00:09:21.361981,129
2018-01-27 00:10:22.213266,129
2018-01-27 00:11:23.109772,129
2018-01-27 00:12:23.963615,129
2018-01-27 00:13:24.859382,129
2018-01-27 00:14:25.713968,129
2018-01-27 00:15:26.561202,129
2018-01-27 00:16:27.428267,129
2018-01-27 00:17:28.281526,129
2018-01-27 00:18:29.129850,129
2018-01-27 00:19:29.979527,129
2018-01-27 00:20:30.857097,129
2018-01-27 00:21:31.711785,129
2018-01-27 00:22:32.578407,129
2018-01-27 00:23:33.432929,129
2018-01-27 00:24:34.280643,129
2018-01-27 00:25:35.201251,129
2018-01-27 00:26:36.064073,129
2018-01-27 00:27:37.124417,129
2018-01-27 00:28:37.987145,129
2018-01-27 00:29:38.860506,129
2018-01-27 00:30:39.727367,129
2018-01-27 00:31:40.579726,129
2018-01-27 00:32:41.482596,129
2018-01-27 00:33:42.327010,129
2018-01-27 00:34:43.160898,129
2018-01-27 00:35:44.036762,129
2018-01-27 00:36:44.907452,129
2018-01-27 00:37:45.762254,129
2018-01-27 00:38:46.633844,129
2018-01-27 00:39:47.478491,129
2018-01-27 00:40:48.343152,129
2018-01-27 00:41:49.200740,129
2018-01-27 00:42:50.042105,129
2018-01-27 00:43:51.059182,129
2018-01-27 00:44:51.906545,129
2018-01-27 00:45:52.824713,129
2018-01-27 00:46:53.707472,129
2018-01-27 00:47:54.562644,129
2018-01-27 00:48:55.412418,129
2018-01-27 00:49:56.266859,129
2018-01-27 00:50:57.126414,129
2018-01-27 00:51:57.999617,129
2018-01-27 00:52:58.881674,129
2018-01-27 00:53:59.743776,129
2018-01-27 00:55:00.603468,129
2018-01-27 00:56:01.515523,129
2018-01-27 00:57:02.368956,129
2018-01-27 00:58:03.460977,129
2018-01-27 00:59:04.310208,129
2018-01-27 01:00:05.196520,129
2018-01-27 01:01:06.109629,129
2018-01-27 01:02:06.985441,129
2018-01-27 01:03:07.831210,129
2018-01-27 01:04:08.706959,129
2018-01-27 01:05:09.567585,129
2018-01-27 01:06:10.428680,129
2018-01-27 01:07:11.297326,129
2018-01-27 01:08:12.173937,129
2018-01-27 01:09:13.045892,129
2018-01-27 01:10:13.958149,129
2018-01-27 01:11:14.816967,129
2018-01-27 01:12:15.936607,129
2018-01-27 01:13:17.045918,129
2018-01-27 01:14:17.925037,129
2018-01-27 01:15:18.776189,129
2018-01-27 01:16:19.626301,129
2018-01-27 01:17:20.747203,129
2018-01-27 01:18:21.854470,129
2018-01-27 01:19:22.704033,129
2018-01-27 01:20:23.578102,129
2018-01-27 01:21:24.709595,129
2018-01-27 01:22:25.577605,129
2018-01-27 01:23:26.441322,129
2018-01-27 01:24:27.315123,129
2018-01-27 01:25:28.171035,129
2018-01-27 01:26:29.068775,129
2018-01-27 01:27:29.929001,129
2018-01-27 01:28:30.824364,129
2018-01-27 01:29:31.724097,129
2018-01-27 01:30:32.602703,129
2018-01-27 01:31:33.484642,129
2018-01-27 01:32:34.345207,129
2018-01-27 01:33:35.212940,129
2018-01-27 01:34:36.057631,129
2018-01-27 01:35:36.905864,129
2018-01-27 01:36:37.761641,129
2018-01-27 01:37:38.621120,129
2018-01-27 01:38:39.476944,129
2018-01-27 01:39:40.347704,129
2018-01-27 01:40:41.304597,129
2018-01-27 01:41:42.408877,129
2018-01-27 01:42:43.281582,129
2018-01-27 01:43:44.132360,129
2018-01-27 01:44:45.066827,129
2018-01-27 01:45:45.928366,129
2018-01-27 01:46:46.803555,129
2018-01-27 01:47:47.672222,129
2018-01-27 01:48:48.527974,129
2018-01-27 01:49:49.378189,129
2018-01-27 01:50:50.232385,129
2018-01-27 01:51:51.113930,129
2018-01-27 01:52:51.982368,129
2018-01-27 01:53:52.891965,129
2018-01-27 01:54:53.798528,129
2018-01-27 01:55:54.682660,129
2018-01-27 01:56:55.587684,129
2018-01-27 01:57:56.480881,129
2018-01-27 01:58:57.389294,129
2018-01-27 01:59:58.239619,129
2018-01-27 02:00:59.122564,129
2018-01-27 02:02:00.012623,129
2018-01-27 02:03:01.383858,129
2018-01-27 02:04:02.270480,129
2018-01-27 02:05:03.133252,129
2018-01-27 02:06:04.074245,129
2018-01-27 02:07:04.943119,129
2018-01-27 02:08:06.046483,129
2018-01-27 02:09:06.904959,129
2018-01-27 02:10:07.782164,129
2018-01-27 02:11:08.656576,129
2018-01-27 02:12:09.573208,129
2018-01-27 02:13:10.471706,129
2018-01-27 02:14:11.366215,129
2018-01-27 02:15:12.361532,129
2018-01-27 02:16:13.419622,129
2018-01-27 02:17:14.270712,129
2018-01-27 02:18:15.197098,129
2018-01-27 02:19:16.132729,129
2018-01-27 02:20:17.010064,129
2018-01-27 02:21:17.866826,129
2018-01-27 02:22:18.792108,129
2018-01-27 02:23:19.685177,129
2018-01-27 02:24:20.536402,129
2018-01-27 02:25:21.417220,129
2018-01-27 02:26:22.296883,129
2018-01-27 02:27:23.193131,129
2018-01-27 02:28:24.051352,129
2018-01-27 02:29:24.899029,129
2018-01-27 02:30:25.777196,129
2018-01-27 02:31:26.629705,129
2018-01-27 02:32:27.498933,129
2018-01-27 02:33:28.374861,129
2018-01-27 02:34:29.272685,129
2018-01-27 02:35:30.157742,129
2018-01-27 02:36:31.223400,129
2018-01-27 02:37:32.105554,129
2018-01-27 02:38:33.028929,129
2018-01-27 02:39:33.912671,129
2018-01-27 02:40:35.155519,129
2018-01-27 02:41:36.058591,129
2018-01-27 02:42:36.944294,129
2018-01-27 02:43:37.864570,129
2018-01-27 02:44:38.742259,129
2018-01-27 02:45:39.721846,129
2018-01-27 02:46:40.615472,129
2018-01-27 02:47:41.462989,129
2018-01-27 02:48:42.324341,129
2018-01-27 02:49:43.190274,129
2018-01-27 02:50:44.039326,129
2018-01-27 02:51:44.925954,129
2018-01-27 02:52:45.778120,129
2018-01-27 02:53:46.648160,129
2018-01-27 02:54:47.515484,129
2018-01-27 02:55:48.367676,129
2018-01-27 02:56:49.246004,129
2018-01-27 02:57:50.135424,129
2018-01-27 02:58:51.180125,129
2018-01-27 02:59:52.040275,129
2018-01-27 03:00:52.924949,129
2018-01-27 03:01:53.796980,129
2018-01-27 03:02:54.672036,129
2018-01-27 03:03:55.604806,129
2018-01-27 03:04:56.470597,129
2018-01-27 03:05:57.358410,129
2018-01-27 03:06:58.240737,129
2018-01-27 03:07:59.106767,129
2018-01-27 03:08:59.993396,129
2018-01-27 03:10:00.856508,129
2018-01-27 03:11:02.018729,129
2018-01-27 03:12:03.000935,129
2018-01-27 03:13:03.856728,129
2018-01-27 03:14:04.741876,129
2018-01-27 03:15:05.700770,129
2018-01-27 03:16:06.597168,129
2018-01-27 03:17:07.453136,129
2018-01-27 03:18:08.369187,129
2018-01-27 03:19:09.343098,129
2018-01-27 03:20:10.233499,129
2018-01-27 03:21:11.363427,129
2018-01-27 03:22:12.224807,129
2018-01-27 03:23:13.101131,129
2018-01-27 03:24:13.978573,129
2018-01-27 03:25:14.834731,129
2018-01-27 03:26:15.893852,129
2018-01-27 03:27:16.757280,129
2018-01-27 03:28:17.615512,129
2018-01-27 03:29:18.498574,129
2018-01-27 03:30:19.392679,129
2018-01-27 03:31:20.264938,129
2018-01-27 03:32:21.165659,129
2018-01-27 03:33:22.058927,129
2018-01-27 03:34:22.980785,129
2018-01-27 03:35:23.874274,129
2018-01-27 03:36:24.742546,129
2018-01-27 03:37:25.595136,129
2018-01-27 03:38:26.471959,129
2018-01-27 03:39:27.355745,129
2018-01-27 03:40:28.220980,129
2018-01-27 03:41:29.097137,129
2018-01-27 03:42:29.964977,129
2018-01-27 03:43:31.176179,129
2018-01-27 03:44:32.051609,129
2018-01-27 03:45:32.931885,129
2018-01-27 03:46:33.797294,129
2018-01-27 03:47:34.684332,129
2018-01-27 03:48:35.585332,129
2018-01-27 03:49:36.462910,129
2018-01-27 03:50:37.330022,129
2018-01-27 03:51:38.231262,129
2018-01-27 03:52:39.132457,129
2018-01-27 03:53:40.023322,129
2018-01-27 03:54:40.905100,129
2018-01-27 03:55:41.785404,129
2018-01-27 03:56:42.685038,129
2018-01-27 03:57:43.572946,129
2018-01-27 03:58:44.445525,129
2018-01-27 03:59:45.359763,129
2018-01-27 04:00:46.225822,129
2018-01-27 04:01:47.081085,129
2018-01-27 04:02:48.025818,129
2018-01-27 04:03:48.960915,129
2018-01-27 04:04:49.850361,129
2018-01-27 04:05:50.788226,129
2018-01-27 04:06:51.682234,129
2018-01-27 04:07:52.563314,129
2018-01-27 04:08:53.436995,129
2018-01-27 04:09:54.361848,129
2018-01-27 04:10:55.285988,129
2018-01-27 04:11:56.388600,129
2018-01-27 04:12:57.306919,129
2018-01-27 04:13:58.194768,129
2018-01-27 04:14:59.089876,129
2018-01-27 04:15:59.953103,129
2018-01-27 04:17:00.817600,129
2018-01-27 04:18:01.697190,129
2018-01-27 04:19:02.595883,129
2018-01-27 04:20:03.476231,129
2018-01-27 04:21:04.353456,129
2018-01-27 04:22:05.245480,129
2018-01-27 04:23:06.117046,129
2018-01-27 04:24:06.997917,129
2018-01-27 04:25:07.867814,129
2018-01-27 04:26:08.767701,129
2018-01-27 04:27:09.821739,129
2018-01-27 04:28:10.718410,129
2018-01-27 04:29:11.660765,129
2018-01-27 04:30:12.538996,129
2018-01-27 04:31:13.448677,129
2018-01-27 04:32:14.322263,129
2018-01-27 04:33:15.217952,129
2018-01-27 04:34:16.187638,129
2018-01-27 04:35:17.058303,129
2018-01-27 04:36:17.961435,129
2018-01-27 04:37:18.812601,129
2018-01-27 04:38:19.687119,129
2018-01-27 04:39:20.574488,129
2018-01-27 04:40:21.476617,129
2018-01-27 04:41:22.590421,129
2018-01-27 04:42:23.477251,129
2018-01-27 04:43:24.391271,129
2018-01-27 04:44:25.262157,129
2018-01-27 04:45:26.198045,129
2018-01-27 04:46:27.173602,129
2018-01-27 04:47:28.068969,129
2018-01-27 04:48:28.981217,129
2018-01-27 04:49:29.854746,129
2018-01-27 04:50:30.753176,129
2018-01-27 04:51:31.648041,129
2018-01-27 04:52:32.561721,129
2018-01-27 04:53:33.475734,129
2018-01-27 04:54:34.356919,129
2018-01-27 04:55:35.270743,129
2018-01-27 04:56:36.193108,129
2018-01-27 04:57:37.055376,129
2018-01-27 04:58:37.981355,129
2018-01-27 04:59:38.883023,129
2018-01-27 05:00:39.778465,129
2018-01-27 05:01:40.659904,129
2018-01-27 05:02:41.547747,129
2018-01-27 05:03:42.470948,129
2018-01-27 05:04:43.343245,129
2018-01-27 05:05:44.225113,129
2018-01-27 05:06:45.115477,129
2018-01-27 05:07:45.991762,129
2018-01-27 05:08:46.882458,129
2018-01-27 05:09:47.755339,129
2018-01-27 05:10:48.842371,129
2018-01-27 05:11:49.725825,129
2018-01-27 05:12:50.611080,129
2018-01-27 05:13:51.730062,129
2018-01-27 05:14:52.676852,129
2018-01-27 05:15:53.624413,129
2018-01-27 05:16:54.614460,129
2018-01-27 05:17:55.502672,129
2018-01-27 05:18:56.368170,129
2018-01-27 05:19:57.253649,129
2018-01-27 05:20:58.110556,129
2018-01-27 05:21:58.974140,129
2018-01-27 05:23:00.063930,129
2018-01-27 05:24:00.933331,129
2018-01-27 05:25:01.858071,129
2018-01-27 05:26:02.774548,129
2018-01-27 05:27:03.656903,129
2018-01-27 05:28:04.524933,129
2018-01-27 05:29:05.476852,129
2018-01-27 05:30:06.384120,129
2018-01-27 05:31:07.244891,129
2018-01-27 05:32:08.118172,129
2018-01-27 05:33:08.995255,129
2018-01-27 05:34:09.879211,129
2018-01-27 05:35:10.771894,129
2018-01-27 05:36:11.644709,129
2018-01-27 05:37:12.535501,129
2018-01-27 05:38:13.647406,129
2018-01-27 05:39:14.535668,129
2018-01-27 05:40:15.495051,129
2018-01-27 05:41:16.393800,129
2018-01-27 05:42:17.307795,129
2018-01-27 05:43:18.247197,129
2018-01-27 05:44:19.123904,129
2018-01-27 05:45:20.031959,129
2018-01-27 05:46:20.914021,129
2018-01-27 05:47:21.786435,129
2018-01-27 05:48:22.678222,129
2018-01-27 05:49:23.573287,129
2018-01-27 05:50:24.451774,129
2018-01-27 05:51:25.361459,129
2018-01-27 05:52:26.245576,129
2018-01-27 05:53:27.129790,129
2018-01-27 05:54:28.020175,129
2018-01-27 05:55:28.904769,129
2018-01-27 05:56:29.842680,129
2018-01-27 05:57:30.795816,129
2018-01-27 05:58:31.680708,129
2018-01-27 05:59:32.559574,129
2018-01-27 06:00:33.457796,129
2018-01-27 06:01:34.363863,129
2018-01-27 06:02:35.268228,129
2018-01-27 06:03:36.563152,129
2018-01-27 06:04:37.450858,129
2018-01-27 06:05:38.346136,129
2018-01-27 06:06:39.292544,129
2018-01-27 06:07:40.196173,129
2018-01-27 06:08:41.075500,129
2018-01-27 06:09:41.970259,129
2018-01-27 06:10:42.868774,129
2018-01-27 06:11:43.776781,129
2018-01-27 06:12:44.651394,129
2018-01-27 06:13:45.614877,129
2018-01-27 06:14:46.544575,129
2018-01-27 06:15:47.473658,129
2018-01-27 06:16:48.360593,129
2018-01-27 06:17:49.466257,129
2018-01-27 06:18:50.442759,129
2018-01-27 06:19:51.329957,129
2018-01-27 06:20:52.206446,129
2018-01-27 06:21:53.129876,129
2018-01-27 06:22:54.050367,129
2018-01-27 06:23:54.989588,129
2018-01-27 06:24:55.867840,129
2018-01-27 06:25:56.778230,129
2018-01-27 06:26:57.671769,129
2018-01-27 06:27:58.595885,129
2018-01-27 06:28:59.471666,129
2018-01-27 06:30:00.345992,129
2018-01-27 06:31:01.251913,129
2018-01-27 06:32:02.140773,129
2018-01-27 06:33:03.019651,129
2018-01-27 06:34:03.906050,129
2018-01-27 06:35:04.801701,129
2018-01-27 06:36:05.691902,129
2018-01-27 06:37:06.577099,129
2018-01-27 06:38:07.487335,129
2018-01-27 06:39:08.362338,129
2018-01-27 06:40:09.564552,129
2018-01-27 06:41:10.469961,129
2018-01-27 06:42:11.385572,129
2018-01-27 06:43:12.289633,129
2018-01-27 06:44:13.228388,129
2018-01-27 06:45:14.128708,129
2018-01-27 06:46:15.040480,129
2018-01-27 06:47:15.963055,129
2018-01-27 06:48:16.829521,129
2018-01-27 06:49:18.011995,129
2018-01-27 06:50:19.156649,129
2018-01-27 06:51:20.027799,129
2018-01-27 06:52:20.950712,129
2018-01-27 06:53:21.835610,129
2018-01-27 06:54:22.741971,129
2018-01-27 06:55:23.663874,129
2018-01-27 06:56:24.561782,129
2018-01-27 06:57:25.475127,129
2018-01-27 06:58:26.341510,129
2018-01-27 06:59:27.211905,129
2018-01-27 07:00:28.095281,129
2018-01-27 07:01:29.014343,129
2018-01-27 07:02:29.942778,129
2018-01-27 07:03:30.908905,129
2018-01-27 07:04:31.814414,129
2018-01-27 07:05:32.711691,129
2018-01-27 07:06:33.580973,129
2018-01-27 07:07:34.735055,129
2018-01-27 07:08:35.651486,129
2018-01-27 07:09:36.583074,129
2018-01-27 07:10:37.507092,129
2018-01-27 07:11:38.408717,129
2018-01-27 07:12:39.344423,129
2018-01-27 07:13:40.247335,129
2018-01-27 07:14:41.182276,129
2018-01-27 07:15:42.126254,129
2018-01-27 07:16:43.051752,129
2018-01-27 07:17:43.959805,129
2018-01-27 07:18:46.950888,129
2018-01-27 07:19:47.907045,129
2018-01-27 07:20:48.807580,129
2018-01-27 07:21:49.694873,129
2018-01-27 07:22:50.584505,129
2018-01-27 07:23:51.667069,129
2018-01-27 07:24:52.533197,129
2018-01-27 07:25:53.452610,129
2018-01-27 07:26:54.321968,129
2018-01-27 07:27:55.223922,129
2018-01-27 07:28:56.114054,129
2018-01-27 07:29:56.995557,129
2018-01-27 07:30:57.853464,129
2018-01-27 07:31:58.765494,129
2018-01-27 07:32:59.656123,128
2018-01-27 07:34:00.743713,128
2018-01-27 07:35:01.659060,128
2018-01-27 07:36:02.557866,128
2018-01-27 07:37:03.463224,128
2018-01-27 07:38:04.367780,128
2018-01-27 07:39:05.497722,128
2018-01-27 07:40:06.365786,128
2018-01-27 07:41:07.269018,128
2018-01-27 07:42:08.190824,128
2018-01-27 07:43:09.154519,128
2018-01-27 07:44:10.057963,128
2018-01-27 07:45:10.962810,128
2018-01-27 07:46:12.263621,128
2018-01-27 07:47:13.122639,128
2018-01-27 07:48:14.021399,128
2018-01-27 07:49:14.907966,128
2018-01-27 07:50:15.772963,128
2018-01-27 07:51:16.715481,128
2018-01-27 07:52:17.598733,128
2018-01-27 07:53:18.506628,128
2018-01-27 07:54:19.636637,128
2018-01-27 07:55:20.541021,128
2018-01-27 07:56:21.416904,128
2018-01-27 07:57:22.287241,128
2018-01-27 07:58:23.179219,128
2018-01-27 07:59:24.088803,128
2018-01-27 08:00:24.994242,128
2018-01-27 08:01:25.979578,128
2018-01-27 08:02:26.921061,128
2018-01-27 08:03:27.886307,128
2018-01-27 08:04:28.778777,128
2018-01-27 08:05:29.665190,128
2018-01-27 08:06:30.532709,128
2018-01-27 08:07:31.393266,128
2018-01-27 08:08:32.318121,128
2018-01-27 08:09:33.226480,128
2018-01-27 08:10:34.137027,128
2018-01-27 08:11:35.051942,128
2018-01-27 08:12:35.940169,128
2018-01-27 08:13:36.879266,128
2018-01-27 08:14:37.789704,127
2018-01-27 08:15:38.727885,127
2018-01-27 08:16:39.647033,127
2018-01-27 08:17:40.550517,127
2018-01-27 08:18:41.460737,127
2018-01-27 08:19:42.353765,127
2018-01-27 08:20:43.247014,127
2018-01-27 08:21:44.130972,127
2018-01-27 08:22:45.020893,127
2018-01-27 08:23:45.950410,127
2018-01-27 08:24:46.847710,127
2018-01-27 08:25:47.771221,127
2018-01-27 08:26:48.669917,127
2018-01-27 08:27:49.564853,127
2018-01-27 08:28:50.537499,127
2018-01-27 08:29:51.415963,127
2018-01-27 08:30:52.297639,127
2018-01-27 08:31:53.169795,127
2018-01-27 08:32:54.061290,127
2018-01-27 08:33:54.953987,127
2018-01-27 08:34:55.850470,127
2018-01-27 08:35:56.750863,127
2018-01-27 08:36:57.632987,127
2018-01-27 08:37:58.503067,127
2018-01-27 08:38:59.411022,127
2018-01-27 08:40:00.354228,127
2018-01-27 08:41:01.299097,127
2018-01-27 08:42:02.188177,127
2018-01-27 08:43:03.083263,127
2018-01-27 08:44:04.124451,127
2018-01-27 08:45:05.140328,127
2018-01-27 08:46:06.132710,127
2018-01-27 08:47:06.999281,127
2018-01-27 08:48:07.953082,127
2018-01-27 08:49:08.840764,127
2018-01-27 08:50:09.716838,127
2018-01-27 08:51:10.628991,127
2018-01-27 08:52:11.516407,127
2018-01-27 08:53:12.410365,127
2018-01-27 08:54:13.311455,127
2018-01-27 08:55:14.185769,127
2018-01-27 08:56:15.087783,127
2018-01-27 08:57:15.975489,127
2018-01-27 08:58:16.971352,127
2018-01-27 08:59:17.875928,127
2018-01-27 09:00:18.799542,127
2018-01-27 09:01:19.714153,127
2018-01-27 09:02:20.597671,127
2018-01-27 09:03:21.628343,127
2018-01-27 09:04:22.520260,127
2018-01-27 09:05:23.418037,127
2018-01-27 09:06:24.290574,127
2018-01-27 09:07:25.220832,127
2018-01-27 09:08:26.084684,127
2018-01-27 09:09:26.985620,127
2018-01-27 09:10:27.956834,127
2018-01-27 09:11:28.867682,127
2018-01-27 09:12:29.972982,127
2018-01-27 09:13:30.864185,127
2018-01-27 09:14:31.787092,127
2018-01-27 09:15:32.711239,127
2018-01-27 09:16:33.649955,127
2018-01-27 09:17:34.567025,127
2018-01-27 09:18:35.497033,127
2018-01-27 09:19:36.389485,127
2018-01-27 09:20:37.293839,127
2018-01-27 09:21:38.198776,127
2018-01-27 09:22:39.117718,127
2018-01-27 09:23:40.011624,127
2018-01-27 09:24:40.917597,127
2018-01-27 09:25:41.807479,127
2018-01-27 09:26:42.728596,127
2018-01-27 09:27:43.619650,127
2018-01-27 09:28:44.522153,127
2018-01-27 09:29:45.442606,127
2018-01-27 09:30:46.348929,127
2018-01-27 09:31:47.233475,127
2018-01-27 09:32:48.152747,127
2018-01-27 09:33:49.066903,127
2018-01-27 09:34:50.170900,127
2018-01-27 09:35:51.060798,127
2018-01-27 09:36:51.945686,127
2018-01-27 09:37:52.840102,127
2018-01-27 09:38:53.733338,127
2018-01-27 09:39:54.672285,127
2018-01-27 09:40:55.640631,127
2018-01-27 09:41:56.590457,127
2018-01-27 09:42:57.492138,127
2018-01-27 09:43:58.400042,127
2018-01-27 09:44:59.344187,127
2018-01-27 09:46:00.220483,127
2018-01-27 09:47:01.105020,127
2018-01-27 09:48:02.032773,127
2018-01-27 09:49:02.924800,127
2018-01-27 09:50:03.833697,127
2018-01-27 09:51:04.720091,127
2018-01-27 09:52:05.638205,127
2018-01-27 09:53:06.547736,127
2018-01-27 09:54:07.452246,127
2018-01-27 09:55:08.364207,127
2018-01-27 09:56:09.268998,127
2018-01-27 09:57:10.183802,127
2018-01-27 09:58:11.086358,127
2018-01-27 09:59:12.012115,127
2018-01-27 10:00:12.909741,127
2018-01-27 10:01:13.811063,127
2018-01-27 10:02:14.768088,127
2018-01-27 10:03:15.817991,127
2018-01-27 10:04:16.852611,127
2018-01-27 10:05:17.737555,127
2018-01-27 10:06:18.665133,127
2018-01-27 10:07:19.562341,127
2018-01-27 10:08:20.455004,127
2018-01-27 10:09:21.333594,126
2018-01-27 10:10:22.253749,126
2018-01-27 10:11:23.166234,126
2018-01-27 10:12:24.160711,126
2018-01-27 10:13:25.125178,126
2018-01-27 10:14:26.039760,126
2018-01-27 10:15:27.006553,126
2018-01-27 10:16:27.911654,126
2018-01-27 10:17:28.798426,126
2018-01-27 10:18:29.826128,126
2018-01-27 10:19:30.708856,126
2018-01-27 10:20:31.609360,126
2018-01-27 10:21:32.487786,126
2018-01-27 10:22:33.381255,126
2018-01-27 10:23:34.321561,126
2018-01-27 10:24:35.428988,126
2018-01-27 10:25:36.367296,126
2018-01-27 10:26:37.312115,126
2018-01-27 10:27:38.212479,126
2018-01-27 10:28:39.762197,126
2018-01-27 10:29:40.640962,126
2018-01-27 10:30:41.523832,126
2018-01-27 10:31:42.410922,126
2018-01-27 10:32:43.305112,126
2018-01-27 10:33:44.259986,126
2018-01-27 10:34:45.172668,126
2018-01-27 10:35:46.070225,126
2018-01-27 10:36:46.977725,126
2018-01-27 10:37:47.891050,126
2018-01-27 10:38:48.777583,126
2018-01-27 10:39:49.667156,126
2018-01-27 10:40:50.627231,126
2018-01-27 10:41:51.595314,126
2018-01-27 10:42:52.591822,126
2018-01-27 10:43:53.573367,126
2018-01-27 10:44:54.555138,126
2018-01-27 10:45:55.476376,126
2018-01-27 10:46:56.411398,126
2018-01-27 11:23:30.206402,126
2018-01-27 12:26:01.717770,120
2018-01-27 12:27:02.943110,120
2018-01-27 12:28:03.908200,120
2018-01-27 12:29:05.823895,120
2018-01-27 12:30:06.781374,120
2018-01-27 12:31:07.756997,120
2018-01-27 12:32:08.837885,120
2018-01-27 12:33:09.698365,120
2018-01-27 12:34:10.830832,120
2018-01-27 12:35:11.781473,120
2018-01-27 12:36:12.815631,120
2018-01-27 12:37:13.855955,120
2018-01-27 12:38:14.714413,120
2018-01-27 12:39:15.622826,120
2018-01-27 12:40:16.503717,120
2018-01-27 12:41:17.377645,120
2018-01-27 12:42:18.304060,120
2018-01-27 12:43:19.169698,120
2018-01-27 12:44:20.072462,120
2018-01-27 12:45:20.984516,120
2018-01-27 12:46:21.885975,120
2018-01-27 12:47:22.808186,120
2018-01-27 12:48:23.664827,120
2018-01-27 12:49:24.585288,120
2018-01-27 12:50:25.444481,120
2018-01-27 12:51:26.386480,120
2018-01-27 12:52:27.271198,120
2018-01-27 12:53:28.129760,120
2018-01-27 12:54:29.048653,120
2018-01-27 12:55:30.006790,120
2018-01-27 12:56:30.846172,120
2018-01-27 12:57:32.009903,120
2018-01-27 12:58:33.168284,120
2018-01-27 12:59:34.124469,120
2018-01-27 13:00:34.954748,120
2018-01-27 13:01:35.800740,120
2018-01-27 13:02:36.655604,120
2018-01-27 13:03:37.608782,120
2018-01-27 13:04:38.513476,120
2018-01-27 13:05:39.422817,120
2018-01-27 13:06:40.403132,120
2018-01-27 13:07:41.252811,120
2018-01-27 13:08:42.185042,120
2018-01-27 13:09:43.108780,120
2018-01-27 13:10:44.098856,120
2018-01-27 13:11:44.957182,120
2018-01-27 13:12:45.877187,120
2018-01-27 13:13:46.827277,120
2018-01-27 13:14:47.751903,120
2018-01-27 13:15:48.707742,120
2018-01-27 13:16:49.560739,120
2018-01-27 13:17:50.404244,120
2018-01-27 13:18:51.244905,120
2018-01-27 13:19:52.050896,120
2018-01-27 13:20:52.972366,120
2018-01-27 13:21:53.982477,120
2018-01-27 13:22:54.830099,120
2018-01-27 13:23:55.650943,120
2018-01-27 13:24:56.796839,120
2018-01-27 13:25:57.835607,120
2018-01-27 13:26:58.893425,120
2018-01-27 13:27:59.987807,120
2018-01-27 13:29:00.923457,120
2018-01-27 13:30:01.797969,120
2018-01-27 13:31:02.820681,120
2018-01-27 13:32:04.261692,120
2018-01-27 13:33:05.275026,120
2018-01-27 13:34:06.168721,120
2018-01-27 13:35:06.993372,120
2018-01-27 13:36:07.955785,120
2018-01-27 13:37:08.931217,120
2018-01-27 13:38:09.777965,120
2018-01-27 13:39:10.738168,120
2018-01-27 13:40:12.078074,120
2018-01-27 13:41:13.360456,120
2018-01-27 13:42:14.472464,120
2018-01-27 13:43:17.573350,120
2018-01-27 13:44:18.723191,XXX
2018-01-27 13:45:20.532385,XXX
2018-01-27 13:46:21.676811,201
2018-01-27 13:47:22.708274,120
2018-01-27 13:48:23.762963,120
2018-01-27 13:49:24.828086,120
2018-01-27 13:50:25.774433,120
2018-01-27 13:51:26.739141,120
2018-01-27 13:52:27.808594,120
2018-01-27 13:53:28.768528,120
2018-01-27 13:54:29.734721,120
2018-01-27 13:55:30.649214,120
2018-01-27 13:56:31.808024,120
2018-01-27 13:57:32.717327,120
2018-01-27 13:58:33.621971,120
2018-01-27 13:59:34.544730,120
2018-01-27 14:00:35.415897,120
2018-01-27 14:01:36.307762,120
2018-01-27 14:02:37.172893,120
2018-01-27 14:03:38.051967,120
2018-01-27 14:04:38.929957,120
2018-01-27 14:05:39.909202,120
2018-01-27 14:06:40.959973,120
2018-01-27 14:07:41.818417,120
2018-01-27 14:08:42.690412,120
2018-01-27 14:09:43.600905,120
2018-01-27 14:10:44.567350,120
2018-01-27 14:11:45.453635,120
2018-01-27 14:12:46.826008,201
2018-01-27 14:13:49.891146,120
2018-01-27 14:14:50.852683,120
2018-01-27 14:15:51.737084,120
2018-01-27 14:16:52.772813,120
2018-01-27 14:17:53.978578,120
2018-01-27 14:18:54.872751,120
2018-01-27 14:19:55.752326,120
2018-01-27 14:20:56.632296,120
2018-01-27 14:22:01.234450,201
2018-01-27 14:23:02.741839,120
2018-01-27 14:24:03.697865,120
2018-01-27 14:25:04.592482,120
2018-01-27 14:26:05.776688,120
2018-01-27 14:27:06.709121,120
2018-01-27 14:28:08.024756,120
2018-01-27 14:29:09.046838,120
2018-01-27 14:30:10.040222,120
2018-01-27 14:31:11.164887,120
2018-01-27 14:32:12.068349,120
2018-01-27 14:33:12.964816,120
2018-01-27 14:34:14.103449,120
2018-01-27 14:35:15.049917,120
2018-01-27 14:36:15.961274,120
2018-01-27 14:37:16.391143,120
2018-01-27 14:46:13.563672,120
2018-01-27 16:13:59.736753,XXX
2018-01-27 16:15:00.925150,201
2018-01-27 16:16:01.867231,201
2018-01-27 16:17:02.815881,201
2018-01-27 16:18:04.012319,XXX
2018-01-27 16:19:05.484372,201
2018-01-27 16:20:07.950085,201
2018-01-27 16:21:09.060909,201
2018-01-27 16:22:10.150351,201
2018-01-27 16:23:11.179005,201
2018-01-27 16:24:12.257216,201
2018-01-27 16:25:13.380826,201
2018-01-27 16:26:14.302919,201
2018-01-27 16:27:15.251881,201
2018-01-27 16:28:16.171136,201
2018-01-27 16:29:17.112695,201
2018-01-27 16:30:18.097940,201
2018-01-27 16:31:19.334904,201
2018-01-27 16:32:20.368444,201
2018-01-27 16:33:21.280919,201
2018-01-27 16:34:22.181106,201
2018-01-27 16:35:23.080438,201
2018-01-27 16:36:24.020951,201
2018-01-27 16:37:24.944468,201
2018-01-27 16:38:26.200598,201
2018-01-27 16:39:27.733305,201
2018-01-27 16:40:28.981390,201
2018-01-27 16:41:29.918102,201
2018-01-27 16:42:30.849054,201
2018-01-27 16:43:31.802332,201
2018-01-27 16:44:32.720114,201
2018-01-27 16:45:33.848781,201
2018-01-27 16:46:35.245934,XXX
2018-01-27 16:47:36.512230,201
2018-01-27 16:48:37.873925,201
2018-01-27 16:49:39.290739,201
2018-01-27 16:50:41.140336,201
2018-01-27 16:51:42.446447,201
2018-01-27 17:11:31.851935,113
2018-01-27 17:12:32.835757,113
2018-01-27 17:13:33.972675,113
2018-01-27 17:14:37.588474,113
2018-01-27 17:15:39.039624,XXX
2018-01-27 17:16:40.001777,113
2018-01-27 17:17:40.992577,113
2018-01-27 17:18:43.357268,201
2018-01-27 17:19:46.190555,201
2018-01-27 17:20:47.276275,113
2018-01-27 17:21:58.658827,113
2018-01-27 17:23:01.091755,113
2018-01-27 17:24:01.990544,113
2018-01-27 17:25:02.913400,113
2018-01-27 17:26:04.049433,201
2018-01-27 17:27:06.615366,113
2018-01-27 17:28:07.422758,113
2018-01-27 17:29:08.898494,113
2018-01-27 17:30:09.789032,113
2018-01-27 17:31:11.082898,113
2018-01-27 17:32:14.215383,201
2018-01-27 17:33:17.777989,113
2018-01-27 17:34:18.844382,113
2018-01-27 17:35:19.903778,113
2018-01-27 17:36:21.247482,113
2018-01-27 17:37:22.128783,113
2018-01-27 17:38:23.022499,113
2018-01-27 17:39:23.940503,113
2018-01-27 17:40:24.822301,113
2018-01-27 17:41:25.697046,113
2018-01-27 17:42:26.686872,113
2018-01-27 17:43:27.671016,113
2018-01-27 17:44:28.863165,113
2018-01-27 17:45:29.850619,113
2018-01-27 17:46:30.818466,113
2018-01-27 17:47:32.082006,113
2018-01-27 17:48:33.738712,113
2018-01-27 17:49:34.994430,113
2018-01-27 17:50:35.934784,113
2018-01-27 17:51:36.907504,113
2018-01-27 17:52:37.838068,113
2018-01-27 17:53:38.720933,113
2018-01-27 17:54:39.790564,113
2018-01-27 17:55:40.791660,113
2018-01-27 17:56:41.686487,113
2018-01-27 17:57:42.729642,113
2018-01-27 17:58:43.943314,113
2018-01-27 17:59:45.131052,113
2018-01-27 18:00:46.240720,113
2018-01-27 18:01:47.189253,113
2018-01-27 18:02:49.082488,113
2018-01-27 18:03:50.053623,113
2018-01-27 18:04:50.909769,113
2018-01-27 18:05:51.733908,113
2018-01-27 18:06:52.578409,113
2018-01-27 18:07:53.511710,113
2018-01-27 18:08:54.383775,113
2018-01-27 18:09:55.284500,113
2018-01-27 18:10:56.204872,113
2018-01-27 18:11:57.139045,113
2018-01-27 18:12:59.021518,113
2018-01-27 18:13:59.950579,113
2018-01-27 18:15:00.790450,113
2018-01-27 18:16:01.658540,113
2018-01-27 18:17:02.561203,113
2018-01-27 18:18:03.447966,113
2018-01-27 18:19:04.649903,113
2018-01-27 18:20:05.539933,113
2018-01-27 18:21:06.385720,113
2018-01-27 18:22:07.324378,113
2018-01-28 12:07:33.641494,XXX
2018-01-28 12:08:34.845719,201
2018-01-28 12:09:35.913479,201
2018-01-28 12:10:36.858457,201
2018-01-28 12:11:37.797696,201
2018-01-28 12:12:38.607459,201
2018-01-28 12:13:39.537194,XXX
2018-01-28 12:14:40.454570,XXX
2018-01-28 12:15:41.318833,201
2018-01-28 12:16:42.581641,201
2018-01-28 12:17:43.682224,201
2018-01-28 12:18:44.661227,201
2018-01-28 12:19:45.701545,201
2018-01-28 12:20:46.901111,201
2018-01-28 12:21:48.102860,201
2018-01-28 12:22:48.930604,201
2018-01-28 12:23:49.799558,201
2018-01-28 12:24:50.889288,201
2018-01-28 12:25:51.709061,201
2018-01-28 12:26:52.554116,201
2018-01-28 12:27:53.450237,201
2018-01-28 12:28:54.298118,201
2018-01-28 12:29:55.274423,201
2018-01-28 12:30:56.325047,201
2018-01-28 12:31:57.428909,201
2018-01-28 12:32:58.985341,201
2018-01-28 12:34:00.420683,201
2018-01-28 12:35:01.366431,201
2018-01-28 12:36:02.350067,201
2018-01-28 12:37:03.316124,201
2018-01-28 12:38:04.405602,201
2018-01-28 12:39:05.328908,201
2018-01-28 12:40:06.301329,201
2018-01-28 12:41:07.281758,201
2018-01-28 12:42:08.233878,201
2018-01-28 12:43:09.366841,201
2018-01-28 12:44:10.409731,201
2018-01-28 12:45:11.313049,201
2018-01-28 12:46:12.378035,201
2018-01-28 12:47:13.373220,201
2018-01-28 12:48:14.397014,201
2018-01-28 12:49:15.590604,201
2018-01-28 12:50:16.504644,201
2018-01-28 12:51:17.505993,201
2018-01-28 12:52:18.502306,201
2018-01-28 12:53:19.578091,201
2018-01-28 12:54:20.750446,201
2018-01-28 12:55:21.735762,201
2018-01-28 12:56:22.758511,201
2018-01-28 12:57:23.727939,201
2018-01-28 12:58:24.644135,201
2018-01-28 12:59:25.636174,XXX
2018-01-28 13:00:26.907497,201
2018-01-28 13:01:28.113473,201
2018-01-28 13:02:29.141348,201
2018-01-28 13:03:30.104374,201
2018-01-28 13:04:31.970936,201
2018-01-28 13:05:32.893189,201
2018-01-28 13:06:33.861862,201
2018-01-28 13:07:34.851741,201
2018-01-28 13:08:35.817563,201
2018-01-28 13:09:36.907780,201
2018-01-28 13:10:38.002852,201
2018-01-28 13:11:38.975169,201
2018-01-28 13:12:39.892095,201
2018-01-28 13:13:40.783174,201
2018-01-28 13:14:42.006618,201
2018-01-28 13:15:42.858547,201
2018-01-28 13:16:43.757812,201
2018-01-28 13:17:44.681233,201
2018-01-28 13:18:45.627198,201
2018-01-28 13:19:46.586670,201
2018-01-28 13:20:47.431425,201
2018-01-28 13:21:48.308042,201
2018-01-28 13:22:49.191076,201
2018-01-28 13:23:50.017985,201
2018-01-28 13:24:50.905681,201
2018-01-28 13:25:51.975344,201
2018-01-28 13:26:53.195891,201
2018-01-28 13:27:54.029677,201
2018-01-28 13:35:52.003224,109
2018-01-28 13:37:45.037122,XXX
2018-01-28 13:38:46.288948,201
2018-01-28 13:39:47.365488,201
2018-01-28 13:40:48.259717,201
2018-01-28 13:41:49.255959,201
2018-01-28 13:42:50.296704,201
2018-01-28 13:43:51.273277,201
2018-01-28 13:44:52.131035,XXX
2018-01-28 13:45:53.192950,201
2018-01-28 13:46:54.041707,201
2018-01-28 13:47:54.985228,201
2018-01-28 13:48:55.835444,201
2018-01-28 13:49:56.730050,201
2018-01-28 13:50:57.624045,201
